city,store_name,store_url
Burlington,New Arrivals,https://bestbangforyourbud.com/en/stores/new-arrivals
Burlington,On,https://bestbangforyourbud.com/en/stores/ON
Burlington,New Arrivals,https://bestbangforyourbud.com/en/stores/ON/Burlington/new-arrivals
Burlington,Burlington Cannabis Co. - Burlington Cannabis Co.,https://bestbangforyourbud.com/en/stores/ON/Burlington/2025-upper-middle-road
Burlington,Canada Buds - Canada Buds - Burlington,https://bestbangforyourbud.com/en/stores/ON/Burlington/1860-appleby-line-unit
Burlington,Canna Cabana - Canna Cabana - Appleby Line,https://bestbangforyourbud.com/en/stores/ON/Burlington/3221-appleby-line
Burlington,Canna Cabana - Canna Cabana - Burlington - Guelph Line,https://bestbangforyourbud.com/en/stores/ON/Burlington/2400-guelph-line
Burlington,Canna Cabana - Canna Cabana - Burlington – Upper Middle,https://bestbangforyourbud.com/en/stores/ON/Burlington/3505-upper-middle-road
Burlington,Friendly Stranger - Friendly Stranger - Burlington (Plains Rd),https://bestbangforyourbud.com/en/stores/ON/Burlington/1025-plains-rd-e
Burlington,Hunny Pot Cannabis - Hunny Pot Cannabis - Appleby Line,https://bestbangforyourbud.com/en/stores/ON/Burlington/2000-appleby-line
Burlington,Hunny Pot Cannabis - Hunny Pot Cannabis - Burlington Heights Plaza,https://bestbangforyourbud.com/en/stores/ON/Burlington/1505-guelph-line
Burlington,MontKailash Cannabis - MontKailash Cannabis,https://bestbangforyourbud.com/en/stores/ON/Burlington/1220-brant-street
Burlington,One Plant - One Plant - Burlington,https://bestbangforyourbud.com/en/stores/ON/Burlington/2025-guelph-line
Burlington,Pepe Cannabis - Pepe Cannabis,https://bestbangforyourbud.com/en/stores/ON/Burlington/892-brant-st-3
Burlington,Pleasantrees - Pleasantrees,https://bestbangforyourbud.com/en/stores/ON/Burlington/372-brant-street
Burlington,Sparkle Cannabis Company - Sparkle Cannabis Company - Burlington,https://bestbangforyourbud.com/en/stores/ON/Burlington/730-guelph-line
Burlington,Spiritleaf - Spiritleaf - Woodview Place,https://bestbangforyourbud.com/en/stores/ON/Burlington/3295-fairview-street
Burlington,Sweet Releafs - Sweet Releafs - Burlington,https://bestbangforyourbud.com/en/stores/ON/Burlington/728-burloak-drive
Burlington,Tokyo Smoke - Tokyo Smoke - Burlington,https://bestbangforyourbud.com/en/stores/ON/Burlington/4517-dundas-street
Burlington,TreeTop Cannabis - TreeTop Cannabis - Burlington,https://bestbangforyourbud.com/en/stores/ON/Burlington/796-brant-st
Burlington,Trees Cannabis - Trees Cannabis - Burlington - New Street,https://bestbangforyourbud.com/en/stores/ON/Burlington/3007-new-street
Burlington,Uncle Louie's Cannabis Shop - Uncle Louie's Cannabis Shop,https://bestbangforyourbud.com/en/stores/ON/Burlington/574-plains-road-east
Burlington,Value Buds - Value Buds - Appleby Crossing,https://bestbangforyourbud.com/en/stores/ON/Burlington/2485-appleby-line
Burlington,Value Buds - Value Buds - Maple Mews,https://bestbangforyourbud.com/en/stores/ON/Burlington/1235-fairview-street
Burlington,Acton,https://bestbangforyourbud.com/en/stores/ON/Acton
Burlington,Ajax,https://bestbangforyourbud.com/en/stores/ON/Ajax
Burlington,Alexandria,https://bestbangforyourbud.com/en/stores/ON/Alexandria
Burlington,Alfred,https://bestbangforyourbud.com/en/stores/ON/Alfred
Burlington,Algonquin%20Highlands,https://bestbangforyourbud.com/en/stores/ON/Algonquin%20Highlands
Burlington,Alliston,https://bestbangforyourbud.com/en/stores/ON/Alliston
Burlington,Almonte,https://bestbangforyourbud.com/en/stores/ON/Almonte
Burlington,Amherstburg,https://bestbangforyourbud.com/en/stores/ON/Amherstburg
Burlington,Amherstview,https://bestbangforyourbud.com/en/stores/ON/Amherstview
Burlington,Ancaster,https://bestbangforyourbud.com/en/stores/ON/Ancaster
Burlington,Angus,https://bestbangforyourbud.com/en/stores/ON/Angus
Burlington,Arnprior,https://bestbangforyourbud.com/en/stores/ON/Arnprior
Burlington,Arthur,https://bestbangforyourbud.com/en/stores/ON/Arthur
Burlington,Aurora,https://bestbangforyourbud.com/en/stores/ON/Aurora
Burlington,Aylmer,https://bestbangforyourbud.com/en/stores/ON/Aylmer
Burlington,Ayr,https://bestbangforyourbud.com/en/stores/ON/Ayr
Burlington,Baldwin,https://bestbangforyourbud.com/en/stores/ON/Baldwin
Burlington,Bancroft,https://bestbangforyourbud.com/en/stores/ON/Bancroft
Burlington,Barrie,https://bestbangforyourbud.com/en/stores/ON/Barrie
Burlington,Barry'S%20Bay,https://bestbangforyourbud.com/en/stores/ON/Barry'S%20Bay
Burlington,Bath,https://bestbangforyourbud.com/en/stores/ON/Bath
Burlington,Baysville,https://bestbangforyourbud.com/en/stores/ON/Baysville
Burlington,Beamsville,https://bestbangforyourbud.com/en/stores/ON/Beamsville
Burlington,Beaverton,https://bestbangforyourbud.com/en/stores/ON/Beaverton
Burlington,Beeton,https://bestbangforyourbud.com/en/stores/ON/Beeton
Burlington,Belle%20River,https://bestbangforyourbud.com/en/stores/ON/Belle%20River
Burlington,Belleriver,https://bestbangforyourbud.com/en/stores/ON/Belleriver
Burlington,Belleville,https://bestbangforyourbud.com/en/stores/ON/Belleville
Burlington,"Belleville,","https://bestbangforyourbud.com/en/stores/ON/Belleville,"
Burlington,Binbrook,https://bestbangforyourbud.com/en/stores/ON/Binbrook
Burlington,Blenheim,https://bestbangforyourbud.com/en/stores/ON/Blenheim
Burlington,Blue%20Mountain,https://bestbangforyourbud.com/en/stores/ON/Blue%20Mountain
Burlington,Bobcaygeon,https://bestbangforyourbud.com/en/stores/ON/Bobcaygeon
Burlington,Bourget,https://bestbangforyourbud.com/en/stores/ON/Bourget
Burlington,Bowmanville,https://bestbangforyourbud.com/en/stores/ON/Bowmanville
Burlington,Bracebridge,https://bestbangforyourbud.com/en/stores/ON/Bracebridge
Burlington,Bradford,https://bestbangforyourbud.com/en/stores/ON/Bradford
Burlington,Bradford%20West%20Gwillimbury,https://bestbangforyourbud.com/en/stores/ON/Bradford%20West%20Gwillimbury
Burlington,Brampton,https://bestbangforyourbud.com/en/stores/ON/Brampton
Burlington,Brant,https://bestbangforyourbud.com/en/stores/ON/Brant
Burlington,Brantford,https://bestbangforyourbud.com/en/stores/ON/Brantford
Burlington,Brechin,https://bestbangforyourbud.com/en/stores/ON/Brechin
Burlington,Brighton,https://bestbangforyourbud.com/en/stores/ON/Brighton
Burlington,Brights%20Grove,https://bestbangforyourbud.com/en/stores/ON/Brights%20Grove
Burlington,Brockville,https://bestbangforyourbud.com/en/stores/ON/Brockville
Burlington,Brussels,https://bestbangforyourbud.com/en/stores/ON/Brussels
Burlington,Burk'S%20Falls,https://bestbangforyourbud.com/en/stores/ON/Burk'S%20Falls
Burlington,Burlington,https://bestbangforyourbud.com/en/stores/ON/Burlington
Burlington,Calabogie,https://bestbangforyourbud.com/en/stores/ON/Calabogie
Burlington,Caledonia,https://bestbangforyourbud.com/en/stores/ON/Caledonia
Burlington,Callander,https://bestbangforyourbud.com/en/stores/ON/Callander
Burlington,Cambridge,https://bestbangforyourbud.com/en/stores/ON/Cambridge
Burlington,Campbellford,https://bestbangforyourbud.com/en/stores/ON/Campbellford
Burlington,Campbellville,https://bestbangforyourbud.com/en/stores/ON/Campbellville
Burlington,Carleton%20Place,https://bestbangforyourbud.com/en/stores/ON/Carleton%20Place
Burlington,Carlisle,https://bestbangforyourbud.com/en/stores/ON/Carlisle
Burlington,Carlton%20Place,https://bestbangforyourbud.com/en/stores/ON/Carlton%20Place
Burlington,Carp,https://bestbangforyourbud.com/en/stores/ON/Carp
Burlington,Casselman,https://bestbangforyourbud.com/en/stores/ON/Casselman
Burlington,Cavan,https://bestbangforyourbud.com/en/stores/ON/Cavan
Burlington,Cayuga,https://bestbangforyourbud.com/en/stores/ON/Cayuga
Burlington,Chapleau,https://bestbangforyourbud.com/en/stores/ON/Chapleau
Burlington,Chatham,https://bestbangforyourbud.com/en/stores/ON/Chatham
Burlington,Chelmsford,https://bestbangforyourbud.com/en/stores/ON/Chelmsford
Burlington,Chesterville,https://bestbangforyourbud.com/en/stores/ON/Chesterville
Burlington,Clarence Rockland,https://bestbangforyourbud.com/en/stores/ON/Clarence-Rockland
Burlington,Clinton,https://bestbangforyourbud.com/en/stores/ON/Clinton
Burlington,Cobalt,https://bestbangforyourbud.com/en/stores/ON/Cobalt
Burlington,Cobden,https://bestbangforyourbud.com/en/stores/ON/Cobden
Burlington,Cobourg,https://bestbangforyourbud.com/en/stores/ON/Cobourg
Burlington,Cochrane,https://bestbangforyourbud.com/en/stores/ON/Cochrane
Burlington,Colborne,https://bestbangforyourbud.com/en/stores/ON/Colborne
Burlington,Collingwood,https://bestbangforyourbud.com/en/stores/ON/Collingwood
Burlington,Combermere,https://bestbangforyourbud.com/en/stores/ON/Combermere
Burlington,Cookstown,https://bestbangforyourbud.com/en/stores/ON/Cookstown
Burlington,Cornwall,https://bestbangforyourbud.com/en/stores/ON/Cornwall
Burlington,Courtice,https://bestbangforyourbud.com/en/stores/ON/Courtice
Burlington,Crystal%20Beach,https://bestbangforyourbud.com/en/stores/ON/Crystal%20Beach
Burlington,Deep%20River,https://bestbangforyourbud.com/en/stores/ON/Deep%20River
Burlington,Delhi,https://bestbangforyourbud.com/en/stores/ON/Delhi
Burlington,Dorchester,https://bestbangforyourbud.com/en/stores/ON/Dorchester
Burlington,Dorset,https://bestbangforyourbud.com/en/stores/ON/Dorset
Burlington,Dryden,https://bestbangforyourbud.com/en/stores/ON/Dryden
Burlington,Dundas,https://bestbangforyourbud.com/en/stores/ON/Dundas
Burlington,Dunnville,https://bestbangforyourbud.com/en/stores/ON/Dunnville
Burlington,Dutton,https://bestbangforyourbud.com/en/stores/ON/Dutton
Burlington,East%20York,https://bestbangforyourbud.com/en/stores/ON/East%20York
Burlington,Elliot%20Lake,https://bestbangforyourbud.com/en/stores/ON/Elliot%20Lake
Burlington,Elmira,https://bestbangforyourbud.com/en/stores/ON/Elmira
Burlington,Elmvale,https://bestbangforyourbud.com/en/stores/ON/Elmvale
Burlington,Embrun,https://bestbangforyourbud.com/en/stores/ON/Embrun
Burlington,Emsdale,https://bestbangforyourbud.com/en/stores/ON/Emsdale
Burlington,Erin,https://bestbangforyourbud.com/en/stores/ON/Erin
Burlington,Espanola,https://bestbangforyourbud.com/en/stores/ON/Espanola
Burlington,Essex,https://bestbangforyourbud.com/en/stores/ON/Essex
Burlington,Etobicoke,https://bestbangforyourbud.com/en/stores/ON/Etobicoke
Burlington,Exeter,https://bestbangforyourbud.com/en/stores/ON/Exeter
Burlington,Fenelon%20Falls,https://bestbangforyourbud.com/en/stores/ON/Fenelon%20Falls
Burlington,Fonthill,https://bestbangforyourbud.com/en/stores/ON/Fonthill
Burlington,Forest,https://bestbangforyourbud.com/en/stores/ON/Forest
Burlington,Fort%20Erie,https://bestbangforyourbud.com/en/stores/ON/Fort%20Erie
Burlington,Fort%20Frances,https://bestbangforyourbud.com/en/stores/ON/Fort%20Frances
Burlington,Gananoque,https://bestbangforyourbud.com/en/stores/ON/Gananoque
Burlington,Georgetown,https://bestbangforyourbud.com/en/stores/ON/Georgetown
Burlington,Georgina,https://bestbangforyourbud.com/en/stores/ON/Georgina
Burlington,Gloucester,https://bestbangforyourbud.com/en/stores/ON/Gloucester
Burlington,Goderich,https://bestbangforyourbud.com/en/stores/ON/Goderich
Burlington,Gormley,https://bestbangforyourbud.com/en/stores/ON/Gormley
Burlington,Goulais%20River,https://bestbangforyourbud.com/en/stores/ON/Goulais%20River
Burlington,Grand%20Bend,https://bestbangforyourbud.com/en/stores/ON/Grand%20Bend
Burlington,Grand%20Valley,https://bestbangforyourbud.com/en/stores/ON/Grand%20Valley
Burlington,Gravenhurst,https://bestbangforyourbud.com/en/stores/ON/Gravenhurst
Burlington,Greater%20Sudbury,https://bestbangforyourbud.com/en/stores/ON/Greater%20Sudbury
Burlington,Greely,https://bestbangforyourbud.com/en/stores/ON/Greely
Burlington,Guelph,https://bestbangforyourbud.com/en/stores/ON/Guelph
Burlington,Hagersville,https://bestbangforyourbud.com/en/stores/ON/Hagersville
Burlington,Haliburton,https://bestbangforyourbud.com/en/stores/ON/Haliburton
Burlington,Halton%20Hills,https://bestbangforyourbud.com/en/stores/ON/Halton%20Hills
Burlington,Hamilton,https://bestbangforyourbud.com/en/stores/ON/Hamilton
Burlington,Hampton,https://bestbangforyourbud.com/en/stores/ON/Hampton
Burlington,Hanover,https://bestbangforyourbud.com/en/stores/ON/Hanover
Burlington,Harriston,https://bestbangforyourbud.com/en/stores/ON/Harriston
Burlington,Harrow,https://bestbangforyourbud.com/en/stores/ON/Harrow
Burlington,Harrowsmith,https://bestbangforyourbud.com/en/stores/ON/Harrowsmith
Burlington,Havelock,https://bestbangforyourbud.com/en/stores/ON/Havelock
Burlington,Hawkesbury,https://bestbangforyourbud.com/en/stores/ON/Hawkesbury
Burlington,Hearst,https://bestbangforyourbud.com/en/stores/ON/Hearst
Burlington,Hillsdale,https://bestbangforyourbud.com/en/stores/ON/Hillsdale
Burlington,Huntsville,https://bestbangforyourbud.com/en/stores/ON/Huntsville
Burlington,Ignace,https://bestbangforyourbud.com/en/stores/ON/Ignace
Burlington,Ingersoll,https://bestbangforyourbud.com/en/stores/ON/Ingersoll
Burlington,Innisfil,https://bestbangforyourbud.com/en/stores/ON/Innisfil
Burlington,Iroquois%20Falls,https://bestbangforyourbud.com/en/stores/ON/Iroquois%20Falls
Burlington,Jacksons%20Point,https://bestbangforyourbud.com/en/stores/ON/Jacksons%20Point
Burlington,Kakabeka%20Falls,https://bestbangforyourbud.com/en/stores/ON/Kakabeka%20Falls
Burlington,Kanata,https://bestbangforyourbud.com/en/stores/ON/Kanata
Burlington,Kapuskasing,https://bestbangforyourbud.com/en/stores/ON/Kapuskasing
Burlington,Kawartha%20Lakes,https://bestbangforyourbud.com/en/stores/ON/Kawartha%20Lakes
Burlington,Kemptville,https://bestbangforyourbud.com/en/stores/ON/Kemptville
Burlington,Kenora,https://bestbangforyourbud.com/en/stores/ON/Kenora
Burlington,Keswick,https://bestbangforyourbud.com/en/stores/ON/Keswick
Burlington,Kincardine,https://bestbangforyourbud.com/en/stores/ON/Kincardine
Burlington,Kingston,https://bestbangforyourbud.com/en/stores/ON/Kingston
Burlington,Kingsville,https://bestbangforyourbud.com/en/stores/ON/Kingsville
Burlington,Kinmount,https://bestbangforyourbud.com/en/stores/ON/Kinmount
Burlington,Kirkland%20Lake,https://bestbangforyourbud.com/en/stores/ON/Kirkland%20Lake
Burlington,Kitchener,https://bestbangforyourbud.com/en/stores/ON/Kitchener
Burlington,Komoka,https://bestbangforyourbud.com/en/stores/ON/Komoka
Burlington,Lakefield,https://bestbangforyourbud.com/en/stores/ON/Lakefield
Burlington,Lansdowne,https://bestbangforyourbud.com/en/stores/ON/Lansdowne
Burlington,Lasalle,https://bestbangforyourbud.com/en/stores/ON/Lasalle
Burlington,Leamington,https://bestbangforyourbud.com/en/stores/ON/Leamington
Burlington,Lincoln,https://bestbangforyourbud.com/en/stores/ON/Lincoln
Burlington,Lindsay,https://bestbangforyourbud.com/en/stores/ON/Lindsay
Burlington,Listowel,https://bestbangforyourbud.com/en/stores/ON/Listowel
Burlington,Lively,https://bestbangforyourbud.com/en/stores/ON/Lively
Burlington,London,https://bestbangforyourbud.com/en/stores/ON/London
Burlington,Longbow%20Lake,https://bestbangforyourbud.com/en/stores/ON/Longbow%20Lake
Burlington,Lucan,https://bestbangforyourbud.com/en/stores/ON/Lucan
Burlington,Lucknow,https://bestbangforyourbud.com/en/stores/ON/Lucknow
Burlington,Madoc,https://bestbangforyourbud.com/en/stores/ON/Madoc
Burlington,Manitouwadge,https://bestbangforyourbud.com/en/stores/ON/Manitouwadge
Burlington,Manotick,https://bestbangforyourbud.com/en/stores/ON/Manotick
Burlington,Marathon,https://bestbangforyourbud.com/en/stores/ON/Marathon
Burlington,Markdale,https://bestbangforyourbud.com/en/stores/ON/Markdale
Burlington,Marmora,https://bestbangforyourbud.com/en/stores/ON/Marmora
Burlington,Matheson,https://bestbangforyourbud.com/en/stores/ON/Matheson
Burlington,Mattawa,https://bestbangforyourbud.com/en/stores/ON/Mattawa
Burlington,Meaford,https://bestbangforyourbud.com/en/stores/ON/Meaford
Burlington,Merrickville,https://bestbangforyourbud.com/en/stores/ON/Merrickville
Burlington,Midhurst,https://bestbangforyourbud.com/en/stores/ON/Midhurst
Burlington,Midland,https://bestbangforyourbud.com/en/stores/ON/Midland
Burlington,Milton,https://bestbangforyourbud.com/en/stores/ON/Milton
Burlington,Minden,https://bestbangforyourbud.com/en/stores/ON/Minden
Burlington,Mississauga,https://bestbangforyourbud.com/en/stores/ON/Mississauga
Burlington,Mississippi%20Mills,https://bestbangforyourbud.com/en/stores/ON/Mississippi%20Mills
Burlington,Mitchell,https://bestbangforyourbud.com/en/stores/ON/Mitchell
Burlington,Morrisburg,https://bestbangforyourbud.com/en/stores/ON/Morrisburg
Burlington,Mount%20Brydges,https://bestbangforyourbud.com/en/stores/ON/Mount%20Brydges
Burlington,Mount%20Forest,https://bestbangforyourbud.com/en/stores/ON/Mount%20Forest
Burlington,Napanee,https://bestbangforyourbud.com/en/stores/ON/Napanee
Burlington,Nepean,https://bestbangforyourbud.com/en/stores/ON/Nepean
Burlington,New%20Hamburg,https://bestbangforyourbud.com/en/stores/ON/New%20Hamburg
Burlington,New%20Liskeard,https://bestbangforyourbud.com/en/stores/ON/New%20Liskeard
Burlington,New%20Tecumseth,https://bestbangforyourbud.com/en/stores/ON/New%20Tecumseth
Burlington,Newcastle,https://bestbangforyourbud.com/en/stores/ON/Newcastle
Burlington,Niagara%20Falls,https://bestbangforyourbud.com/en/stores/ON/Niagara%20Falls
Burlington,Nipigon,https://bestbangforyourbud.com/en/stores/ON/Nipigon
Burlington,North%20Bay,https://bestbangforyourbud.com/en/stores/ON/North%20Bay
Burlington,North%20Gower,https://bestbangforyourbud.com/en/stores/ON/North%20Gower
Burlington,North%20York,https://bestbangforyourbud.com/en/stores/ON/North%20York
Burlington,Northbrook,https://bestbangforyourbud.com/en/stores/ON/Northbrook
Burlington,Oldcastle,https://bestbangforyourbud.com/en/stores/ON/Oldcastle
Burlington,Omemee,https://bestbangforyourbud.com/en/stores/ON/Omemee
Burlington,Onaping,https://bestbangforyourbud.com/en/stores/ON/Onaping
Burlington,Orangeville,https://bestbangforyourbud.com/en/stores/ON/Orangeville
Burlington,Orillia,https://bestbangforyourbud.com/en/stores/ON/Orillia
Burlington,Orleans,https://bestbangforyourbud.com/en/stores/ON/Orleans
Burlington,Osgoode,https://bestbangforyourbud.com/en/stores/ON/Osgoode
Burlington,Oshawa,https://bestbangforyourbud.com/en/stores/ON/Oshawa
Burlington,Ottawa,https://bestbangforyourbud.com/en/stores/ON/Ottawa
Burlington,Owen%20Sound,https://bestbangforyourbud.com/en/stores/ON/Owen%20Sound
Burlington,Palmerston,https://bestbangforyourbud.com/en/stores/ON/Palmerston
Burlington,Paris,https://bestbangforyourbud.com/en/stores/ON/Paris
Burlington,Parkhill,https://bestbangforyourbud.com/en/stores/ON/Parkhill
Burlington,Parry%20Sound,https://bestbangforyourbud.com/en/stores/ON/Parry%20Sound
Burlington,Pefferlaw,https://bestbangforyourbud.com/en/stores/ON/Pefferlaw
Burlington,Pembroke,https://bestbangforyourbud.com/en/stores/ON/Pembroke
Burlington,Penetanguishene,https://bestbangforyourbud.com/en/stores/ON/Penetanguishene
Burlington,Perth,https://bestbangforyourbud.com/en/stores/ON/Perth
Burlington,Perth%20East,https://bestbangforyourbud.com/en/stores/ON/Perth%20East
Burlington,Petawawa,https://bestbangforyourbud.com/en/stores/ON/Petawawa
Burlington,Peterborough,https://bestbangforyourbud.com/en/stores/ON/Peterborough
Burlington,Petersburg,https://bestbangforyourbud.com/en/stores/ON/Petersburg
Burlington,Petrolia,https://bestbangforyourbud.com/en/stores/ON/Petrolia
Burlington,Pickering,https://bestbangforyourbud.com/en/stores/ON/Pickering
Burlington,Picton,https://bestbangforyourbud.com/en/stores/ON/Picton
Burlington,Plantagenet,https://bestbangforyourbud.com/en/stores/ON/Plantagenet
Burlington,Port%20Carling,https://bestbangforyourbud.com/en/stores/ON/Port%20Carling
Burlington,Port%20Colborne,https://bestbangforyourbud.com/en/stores/ON/Port%20Colborne
Burlington,Port%20Dover,https://bestbangforyourbud.com/en/stores/ON/Port%20Dover
Burlington,Port%20Elgin,https://bestbangforyourbud.com/en/stores/ON/Port%20Elgin
Burlington,Port%20Hope,https://bestbangforyourbud.com/en/stores/ON/Port%20Hope
Burlington,Port%20Perry,https://bestbangforyourbud.com/en/stores/ON/Port%20Perry
Burlington,Port%20Stanley,https://bestbangforyourbud.com/en/stores/ON/Port%20Stanley
Burlington,Port%20Sydney,https://bestbangforyourbud.com/en/stores/ON/Port%20Sydney
Burlington,Powassan,https://bestbangforyourbud.com/en/stores/ON/Powassan
Burlington,Prescott,https://bestbangforyourbud.com/en/stores/ON/Prescott
Burlington,Quinte%20West,https://bestbangforyourbud.com/en/stores/ON/Quinte%20West
Burlington,Rama,https://bestbangforyourbud.com/en/stores/ON/Rama
Burlington,Red%20Lake,https://bestbangforyourbud.com/en/stores/ON/Red%20Lake
Burlington,Renfrew,https://bestbangforyourbud.com/en/stores/ON/Renfrew
Burlington,Richmond,https://bestbangforyourbud.com/en/stores/ON/Richmond
Burlington,Ridgetown,https://bestbangforyourbud.com/en/stores/ON/Ridgetown
Burlington,Rockland,https://bestbangforyourbud.com/en/stores/ON/Rockland
Burlington,Rockwood,https://bestbangforyourbud.com/en/stores/ON/Rockwood
Burlington,Russell,https://bestbangforyourbud.com/en/stores/ON/Russell
Burlington,Salford,https://bestbangforyourbud.com/en/stores/ON/Salford
Burlington,Sarnia,https://bestbangforyourbud.com/en/stores/ON/Sarnia
Burlington,Sauble%20Beach,https://bestbangforyourbud.com/en/stores/ON/Sauble%20Beach
Burlington,Sault%20Ste.%20Marie,https://bestbangforyourbud.com/en/stores/ON/Sault%20Ste.%20Marie
Burlington,Scarborough,https://bestbangforyourbud.com/en/stores/ON/Scarborough
Burlington,"Scarborough,%20Toronto","https://bestbangforyourbud.com/en/stores/ON/Scarborough,%20Toronto"
Burlington,Schomberg,https://bestbangforyourbud.com/en/stores/ON/Schomberg
Burlington,Schreiber,https://bestbangforyourbud.com/en/stores/ON/Schreiber
Burlington,Severn,https://bestbangforyourbud.com/en/stores/ON/Severn
Burlington,Shelburne,https://bestbangforyourbud.com/en/stores/ON/Shelburne
Burlington,Simcoe,https://bestbangforyourbud.com/en/stores/ON/Simcoe
Burlington,Sioux%20Lookout,https://bestbangforyourbud.com/en/stores/ON/Sioux%20Lookout
Burlington,Smiths%20Falls,https://bestbangforyourbud.com/en/stores/ON/Smiths%20Falls
Burlington,South%20Lancaster,https://bestbangforyourbud.com/en/stores/ON/South%20Lancaster
Burlington,South%20Porcupine,https://bestbangforyourbud.com/en/stores/ON/South%20Porcupine
Burlington,South%20River,https://bestbangforyourbud.com/en/stores/ON/South%20River
Burlington,St.%20Catharines,https://bestbangforyourbud.com/en/stores/ON/St.%20Catharines
Burlington,St.%20Thomas,https://bestbangforyourbud.com/en/stores/ON/St.%20Thomas
Burlington,Stirling,https://bestbangforyourbud.com/en/stores/ON/Stirling
Burlington,Stittsville,https://bestbangforyourbud.com/en/stores/ON/Stittsville
Burlington,Stoney%20Creek,https://bestbangforyourbud.com/en/stores/ON/Stoney%20Creek
Burlington,Stouffiville,https://bestbangforyourbud.com/en/stores/ON/Stouffiville
Burlington,Stouffville,https://bestbangforyourbud.com/en/stores/ON/Stouffville
Burlington,Stratford,https://bestbangforyourbud.com/en/stores/ON/Stratford
Burlington,Strathroy,https://bestbangforyourbud.com/en/stores/ON/Strathroy
Burlington,Sturgeon%20Falls,https://bestbangforyourbud.com/en/stores/ON/Sturgeon%20Falls
Burlington,Sudbury,https://bestbangforyourbud.com/en/stores/ON/Sudbury
Burlington,Tecumseh,https://bestbangforyourbud.com/en/stores/ON/Tecumseh
Burlington,Temagami,https://bestbangforyourbud.com/en/stores/ON/Temagami
Burlington,Temiskaming%20Shores,https://bestbangforyourbud.com/en/stores/ON/Temiskaming%20Shores
Burlington,Thornbury,https://bestbangforyourbud.com/en/stores/ON/Thornbury
Burlington,Thorne,https://bestbangforyourbud.com/en/stores/ON/Thorne
Burlington,Thornton,https://bestbangforyourbud.com/en/stores/ON/Thornton
Burlington,Thorold,https://bestbangforyourbud.com/en/stores/ON/Thorold
Burlington,Thunder%20Bay,https://bestbangforyourbud.com/en/stores/ON/Thunder%20Bay
Burlington,Tilbury,https://bestbangforyourbud.com/en/stores/ON/Tilbury
Burlington,Tillsonburg,https://bestbangforyourbud.com/en/stores/ON/Tillsonburg
Burlington,Timmins,https://bestbangforyourbud.com/en/stores/ON/Timmins
Burlington,Toronto,https://bestbangforyourbud.com/en/stores/ON/Toronto
Burlington,Tottenham,https://bestbangforyourbud.com/en/stores/ON/Tottenham
Burlington,Trenton,https://bestbangforyourbud.com/en/stores/ON/Trenton
Burlington,Tweed,https://bestbangforyourbud.com/en/stores/ON/Tweed
Burlington,Utterson,https://bestbangforyourbud.com/en/stores/ON/Utterson
Burlington,Uxbridge,https://bestbangforyourbud.com/en/stores/ON/Uxbridge
Burlington,Val%20Caron,https://bestbangforyourbud.com/en/stores/ON/Val%20Caron
Burlington,Vanier,https://bestbangforyourbud.com/en/stores/ON/Vanier
Burlington,Vankleek%20Hill,https://bestbangforyourbud.com/en/stores/ON/Vankleek%20Hill
Burlington,Vermillion%20Bay,https://bestbangforyourbud.com/en/stores/ON/Vermillion%20Bay
Burlington,Vernon,https://bestbangforyourbud.com/en/stores/ON/Vernon
Burlington,Wallaceburg,https://bestbangforyourbud.com/en/stores/ON/Wallaceburg
Burlington,Warren,https://bestbangforyourbud.com/en/stores/ON/Warren
Burlington,Wasaga%20Beach,https://bestbangforyourbud.com/en/stores/ON/Wasaga%20Beach
Burlington,Waterdown,https://bestbangforyourbud.com/en/stores/ON/Waterdown
Burlington,Waterford,https://bestbangforyourbud.com/en/stores/ON/Waterford
Burlington,Waterloo,https://bestbangforyourbud.com/en/stores/ON/Waterloo
Burlington,Wawa,https://bestbangforyourbud.com/en/stores/ON/Wawa
Burlington,Welland,https://bestbangforyourbud.com/en/stores/ON/Welland
Burlington,West%20Lorne,https://bestbangforyourbud.com/en/stores/ON/West%20Lorne
Burlington,Wheatley,https://bestbangforyourbud.com/en/stores/ON/Wheatley
Burlington,Wiarton,https://bestbangforyourbud.com/en/stores/ON/Wiarton
Burlington,Winchester,https://bestbangforyourbud.com/en/stores/ON/Winchester
Burlington,Windsor,https://bestbangforyourbud.com/en/stores/ON/Windsor
Burlington,Wingham,https://bestbangforyourbud.com/en/stores/ON/Wingham
Burlington,Woodstock,https://bestbangforyourbud.com/en/stores/ON/Woodstock
Burlington,Woodville,https://bestbangforyourbud.com/en/stores/ON/Woodville
Burlington,York,https://bestbangforyourbud.com/en/stores/ON/York
Hamilton,New Arrivals,https://bestbangforyourbud.com/en/stores/ON/Hamilton/new-arrivals
Hamilton,AFFX CANNABIS - AFFX CANNABIS - Hamilton (Paradise),https://bestbangforyourbud.com/en/stores/ON/Hamilton/919-upper-paradise-road
Hamilton,AFFX CANNABIS - AFFX CANNABIS - Upper Centennial,https://bestbangforyourbud.com/en/stores/ON/Hamilton/263-upper-centennial-pkwy-3
Hamilton,Barttowa Tree - Barttowa Tree,https://bestbangforyourbud.com/en/stores/ON/Hamilton/1081-barton-street-east
Hamilton,BestBudz - BestBudz,https://bestbangforyourbud.com/en/stores/ON/Hamilton/1024-upper-wentworth-street
Hamilton,Blue Sage Cannabis - Blue Sage Cannabis,https://bestbangforyourbud.com/en/stores/ON/Hamilton/835-king-street-east
Hamilton,Bongbaba Cannabis Culture - Bongbaba Cannabis Culture,https://bestbangforyourbud.com/en/stores/ON/Hamilton/1685-main-street-west
Hamilton,Bud Brothers Cannabis - Bud Brothers Cannabis,https://bestbangforyourbud.com/en/stores/ON/Hamilton/1568-main-street-west
Hamilton,Bud Xpress - Bud Xpress,https://bestbangforyourbud.com/en/stores/ON/Hamilton/963-king-street-east
Hamilton,Budzys Cannabis - Budzys Cannabis,https://bestbangforyourbud.com/en/stores/ON/Hamilton/298-grays-road
Hamilton,Cabbage Brothers - Cabbage Brothers - Dundas,https://bestbangforyourbud.com/en/stores/ON/Hamilton/57-cootes-drive
Hamilton,Cabbage Brothers - Cabbage Brothers - Locke Street,https://bestbangforyourbud.com/en/stores/ON/Hamilton/192-locke-street-south
Hamilton,Canna Cabana - Canna Cabana - Centennial,https://bestbangforyourbud.com/en/stores/ON/Hamilton/518-centennial-parkway-north
Hamilton,Canna Cabana - Canna Cabana - Hamilton - Barton,https://bestbangforyourbud.com/en/stores/ON/Hamilton/1317-barton-st-e
Hamilton,Canna Cabana - Canna Cabana - Hamilton - Rymal Road,https://bestbangforyourbud.com/en/stores/ON/Hamilton/905-rymal-rd-e-110-e
Hamilton,Canna Cabana - Canna Cabana - Main St. Hamilton,https://bestbangforyourbud.com/en/stores/ON/Hamilton/unit-102-447-main-street-east-hamilton
Hamilton,Canna Cabana - Canna Cabana - Upper James,https://bestbangforyourbud.com/en/stores/ON/Hamilton/unit-250-1508-upper-james-street
Hamilton,Cannabis Cupboard - Cannabis Cupboard - Hamilton,https://bestbangforyourbud.com/en/stores/ON/Hamilton/410-upper-sherman-avenue
Hamilton,Cannabis House Co - Cannabis House Co,https://bestbangforyourbud.com/en/stores/ON/Hamilton/800-barton-street-east
Hamilton,Cannabis Supply Co. - Cannabis Supply Co. - Hamilton,https://bestbangforyourbud.com/en/stores/ON/Hamilton/57-john-street-south
Hamilton,Clouded Cannabis - Clouded Cannabis,https://bestbangforyourbud.com/en/stores/ON/Hamilton/188-locke-street-south
Hamilton,Cost Cannabis - Cost Cannabis - Hamilton,https://bestbangforyourbud.com/en/stores/ON/Hamilton/32-barton-street-east
Hamilton,Da Canna - Da Canna - Hamilton,https://bestbangforyourbud.com/en/stores/ON/Hamilton/281-cannon-street-east
Hamilton,Discounted Cannabis - Discounted Cannabis - Hamilton,https://bestbangforyourbud.com/en/stores/ON/Hamilton/96-centennial-parkway-north
Hamilton,Discounted Cannabis - Discounted Cannabis - Stoney Creek,https://bestbangforyourbud.com/en/stores/ON/Hamilton/141-highway-8-ff0164ff-6358-4e75-b44f-8ec7c50d6c6e
Hamilton,Giggles Cannabis - Giggles Cannabis - Hamilton,https://bestbangforyourbud.com/en/stores/ON/Hamilton/163-main-street-west
Hamilton,GreenHouse - GreenHouse,https://bestbangforyourbud.com/en/stores/ON/Hamilton/1216-upper-wentworth-street
Hamilton,Hamilton Cannabis Co - Hamilton Cannabis Co,https://bestbangforyourbud.com/en/stores/ON/Hamilton/525-mohawk-road-east
Hamilton,Highlife - Highlife - Ancaster,https://bestbangforyourbud.com/en/stores/ON/Hamilton/1142-wilson-street-west
Hamilton,Hunny Pot Cannabis - Hunny Pot Cannabis - Hamilton Mountain,https://bestbangforyourbud.com/en/stores/ON/Hamilton/659-upper-james-street
Hamilton,Hunny Pot Cannabis - Hunny Pot Cannabis - Stoney Creek,https://bestbangforyourbud.com/en/stores/ON/Hamilton/40-centennial-parkway-north
Hamilton,In Bloom Cannabis - In Bloom Cannabis,https://bestbangforyourbud.com/en/stores/ON/Hamilton/1831-main-street-west
Hamilton,Inhale Exhale Cannabis - Inhale Exhale Cannabis,https://bestbangforyourbud.com/en/stores/ON/Hamilton/2732-barton-st-e-unit-4
Hamilton,James Street Cannabis Co - James Street Cannabis Co,https://bestbangforyourbud.com/en/stores/ON/Hamilton/574-james-street-north
Hamilton,Kindling Cannabis - Kindling Cannabis - Hamilton,https://bestbangforyourbud.com/en/stores/ON/Hamilton/35-pine-street
Hamilton,Lady Leaf Ltd. - Lady Leaf Ltd.,https://bestbangforyourbud.com/en/stores/ON/Hamilton/372-king-street-east
Hamilton,"Mystic's Cannabis - Mystic's Cannabis - Kenilworth Ave N., Hamilton",https://bestbangforyourbud.com/en/stores/ON/Hamilton/135-kenilworth-avenue-north
Hamilton,"Mystic's Cannabis - Mystic's Cannabis - King St., Hamilton",https://bestbangforyourbud.com/en/stores/ON/Hamilton/2141-king-street-east
Hamilton,Mystic's Cannabis - Mystic's Cannabis - Main St.,https://bestbangforyourbud.com/en/stores/ON/Hamilton/1466-main-street-east
Hamilton,Neku Cannabis - Neku Cannabis - Hamilton,https://bestbangforyourbud.com/en/stores/ON/Hamilton/38-hess-street-south
Hamilton,Neku Cannabis - Neku Cannabis - Upper James,https://bestbangforyourbud.com/en/stores/ON/Hamilton/858-upper-james-st
Hamilton,Offside Cannabis - Offside Cannabis - Hamilton,https://bestbangforyourbud.com/en/stores/ON/Hamilton/1033-king-street-west
Hamilton,One Plant - One Plant - Hamilton,https://bestbangforyourbud.com/en/stores/ON/Hamilton/2172-rymal-road-east
Hamilton,Queen George Cannabis - Queen George Cannabis - Caroline Street,https://bestbangforyourbud.com/en/stores/ON/Hamilton/140-caroline-street-south
Hamilton,Queen George Cannabis - Queen George Cannabis - Fennell Avenue,https://bestbangforyourbud.com/en/stores/ON/Hamilton/1104-fennell-avenue-east
Hamilton,Queen George Cannabis - Queen George Cannabis - West Cliff Mall,https://bestbangforyourbud.com/en/stores/ON/Hamilton/640-mohawk-rd-w-unit-29c
Hamilton,Relm Cannabis - Relm Cannabis - Hamilton,https://bestbangforyourbud.com/en/stores/ON/Hamilton/245-king-street-east
Hamilton,SESH - SESH - Hamilton,https://bestbangforyourbud.com/en/stores/ON/Hamilton/575-king-street-east-984643e0-b087-468c-9c00-c6a10d2c5f91
Hamilton,SESH - SESH - Main St,https://bestbangforyourbud.com/en/stores/ON/Hamilton/1363-main-street-east
Hamilton,Sessions - Sessions - Hamilton,https://bestbangforyourbud.com/en/stores/ON/Hamilton/1900-king-street-east
Hamilton,Sessions - Sessions - Mohawk,https://bestbangforyourbud.com/en/stores/ON/Hamilton/712-mohawk-road-east
Hamilton,Sessions - Sessions - Rymal,https://bestbangforyourbud.com/en/stores/ON/Hamilton/675-rymal-road-east
Hamilton,Sessions Cannabis - Sessions Cannabis - Dundurn,https://bestbangforyourbud.com/en/stores/ON/Hamilton/50-dundurn-street-south
Hamilton,Sessions Cannabis - Sessions Cannabis - Hamilton (Red Hill),https://bestbangforyourbud.com/en/stores/ON/Hamilton/1786-stone-church-road-east
Hamilton,Silverleaf Cannabis - Silverleaf Cannabis - Hamilton,https://bestbangforyourbud.com/en/stores/ON/Hamilton/171-mohawk-road-east
Hamilton,Silverleaf Cannabis - Silverleaf Cannabis - Hamilton,https://bestbangforyourbud.com/en/stores/ON/Hamilton/736a-queenston-road
Hamilton,Sparkle Cannabis Company - Sparkle Cannabis Company - Hamilton,https://bestbangforyourbud.com/en/stores/ON/Hamilton/778-concession-street
Hamilton,Sweet Releafs - Sweet Releafs - Hamilton,https://bestbangforyourbud.com/en/stores/ON/Hamilton/1660-upper-james-street
Hamilton,The Gym Cannabis - The Gym Cannabis,https://bestbangforyourbud.com/en/stores/ON/Hamilton/135-james-street-north
Hamilton,Toke Cannabis - Toke Cannabis - Hamilton,https://bestbangforyourbud.com/en/stores/ON/Hamilton/247-centennial-parkway-north
Hamilton,Tokyo Smoke - Tokyo Smoke - Hamilton Fennell Ave,https://bestbangforyourbud.com/en/stores/ON/Hamilton/967-fennell-avenue-east
Hamilton,Tokyo Smoke - Tokyo Smoke - Hamilton Rymal,https://bestbangforyourbud.com/en/stores/ON/Hamilton/2257-rymal-road-east
Hamilton,True North Cannabis Co. - True North Cannabis Co. - Hamilton - 326 Ottawa St N,https://bestbangforyourbud.com/en/stores/ON/Hamilton/326-ottawa-street-north
Hamilton,Value Buds - Value Buds - King Street West Hamilton,https://bestbangforyourbud.com/en/stores/ON/Hamilton/631-king-street-west
Hamilton,Value Buds - Value Buds - Stadium Mall,https://bestbangforyourbud.com/en/stores/ON/Hamilton/859-barton-street-east
Hamilton,Village Cannabis Co. - Village Cannabis Co. - Hamilton,https://bestbangforyourbud.com/en/stores/ON/Hamilton/275-king-street-east
Hamilton,WE-D Cannabis - WE-D Cannabis - Quigley,https://bestbangforyourbud.com/en/stores/ON/Hamilton/205-quigley-road
Oakville,Algonquin Highlands,https://bestbangforyourbud.com/en/stores/ON/Algonquin Highlands
Oakville,Barry'S Bay,https://bestbangforyourbud.com/en/stores/ON/Barry'S Bay
Oakville,Belle River,https://bestbangforyourbud.com/en/stores/ON/Belle River
Oakville,Blue Mountain,https://bestbangforyourbud.com/en/stores/ON/Blue Mountain
Oakville,Bradford West Gwillimbury,https://bestbangforyourbud.com/en/stores/ON/Bradford West Gwillimbury
Oakville,Brights Grove,https://bestbangforyourbud.com/en/stores/ON/Brights Grove
Oakville,Burk'S Falls,https://bestbangforyourbud.com/en/stores/ON/Burk'S Falls
Oakville,Carleton Place,https://bestbangforyourbud.com/en/stores/ON/Carleton Place
Oakville,Carlton Place,https://bestbangforyourbud.com/en/stores/ON/Carlton Place
Oakville,Crystal Beach,https://bestbangforyourbud.com/en/stores/ON/Crystal Beach
Oakville,Deep River,https://bestbangforyourbud.com/en/stores/ON/Deep River
Oakville,East York,https://bestbangforyourbud.com/en/stores/ON/East York
Oakville,Elliot Lake,https://bestbangforyourbud.com/en/stores/ON/Elliot Lake
Oakville,Fenelon Falls,https://bestbangforyourbud.com/en/stores/ON/Fenelon Falls
Oakville,Fort Erie,https://bestbangforyourbud.com/en/stores/ON/Fort Erie
Oakville,Fort Frances,https://bestbangforyourbud.com/en/stores/ON/Fort Frances
Oakville,Goulais River,https://bestbangforyourbud.com/en/stores/ON/Goulais River
Oakville,Grand Bend,https://bestbangforyourbud.com/en/stores/ON/Grand Bend
Oakville,Grand Valley,https://bestbangforyourbud.com/en/stores/ON/Grand Valley
Oakville,Greater Sudbury,https://bestbangforyourbud.com/en/stores/ON/Greater Sudbury
Oakville,Halton Hills,https://bestbangforyourbud.com/en/stores/ON/Halton Hills
Oakville,Iroquois Falls,https://bestbangforyourbud.com/en/stores/ON/Iroquois Falls
Oakville,Jacksons Point,https://bestbangforyourbud.com/en/stores/ON/Jacksons Point
Oakville,Kakabeka Falls,https://bestbangforyourbud.com/en/stores/ON/Kakabeka Falls
Oakville,Kawartha Lakes,https://bestbangforyourbud.com/en/stores/ON/Kawartha Lakes
Oakville,Kirkland Lake,https://bestbangforyourbud.com/en/stores/ON/Kirkland Lake
Oakville,Longbow Lake,https://bestbangforyourbud.com/en/stores/ON/Longbow Lake
Oakville,Mississippi Mills,https://bestbangforyourbud.com/en/stores/ON/Mississippi Mills
Oakville,Mount Brydges,https://bestbangforyourbud.com/en/stores/ON/Mount Brydges
Oakville,Mount Forest,https://bestbangforyourbud.com/en/stores/ON/Mount Forest
Oakville,New Hamburg,https://bestbangforyourbud.com/en/stores/ON/New Hamburg
Oakville,New Liskeard,https://bestbangforyourbud.com/en/stores/ON/New Liskeard
Oakville,New Tecumseth,https://bestbangforyourbud.com/en/stores/ON/New Tecumseth
Oakville,Niagara Falls,https://bestbangforyourbud.com/en/stores/ON/Niagara Falls
Oakville,North Bay,https://bestbangforyourbud.com/en/stores/ON/North Bay
Oakville,North Gower,https://bestbangforyourbud.com/en/stores/ON/North Gower
Oakville,North York,https://bestbangforyourbud.com/en/stores/ON/North York
Oakville,Owen Sound,https://bestbangforyourbud.com/en/stores/ON/Owen Sound
Oakville,Parry Sound,https://bestbangforyourbud.com/en/stores/ON/Parry Sound
Oakville,Perth East,https://bestbangforyourbud.com/en/stores/ON/Perth East
Oakville,Port Carling,https://bestbangforyourbud.com/en/stores/ON/Port Carling
Oakville,Port Colborne,https://bestbangforyourbud.com/en/stores/ON/Port Colborne
Oakville,Port Dover,https://bestbangforyourbud.com/en/stores/ON/Port Dover
Oakville,Port Elgin,https://bestbangforyourbud.com/en/stores/ON/Port Elgin
Oakville,Port Hope,https://bestbangforyourbud.com/en/stores/ON/Port Hope
Oakville,Port Perry,https://bestbangforyourbud.com/en/stores/ON/Port Perry
Oakville,Port Stanley,https://bestbangforyourbud.com/en/stores/ON/Port Stanley
Oakville,Port Sydney,https://bestbangforyourbud.com/en/stores/ON/Port Sydney
Oakville,Quinte West,https://bestbangforyourbud.com/en/stores/ON/Quinte West
Oakville,Red Lake,https://bestbangforyourbud.com/en/stores/ON/Red Lake
Oakville,Sauble Beach,https://bestbangforyourbud.com/en/stores/ON/Sauble Beach
Oakville,Sault Ste. Marie,https://bestbangforyourbud.com/en/stores/ON/Sault Ste. Marie
Oakville,"Scarborough, Toronto","https://bestbangforyourbud.com/en/stores/ON/Scarborough, Toronto"
Oakville,Sioux Lookout,https://bestbangforyourbud.com/en/stores/ON/Sioux Lookout
Oakville,Smiths Falls,https://bestbangforyourbud.com/en/stores/ON/Smiths Falls
Oakville,South Lancaster,https://bestbangforyourbud.com/en/stores/ON/South Lancaster
Oakville,South Porcupine,https://bestbangforyourbud.com/en/stores/ON/South Porcupine
Oakville,South River,https://bestbangforyourbud.com/en/stores/ON/South River
Oakville,St. Catharines,https://bestbangforyourbud.com/en/stores/ON/St. Catharines
Oakville,St. Thomas,https://bestbangforyourbud.com/en/stores/ON/St. Thomas
Oakville,Stoney Creek,https://bestbangforyourbud.com/en/stores/ON/Stoney Creek
Oakville,Sturgeon Falls,https://bestbangforyourbud.com/en/stores/ON/Sturgeon Falls
Oakville,Temiskaming Shores,https://bestbangforyourbud.com/en/stores/ON/Temiskaming Shores
Oakville,Thunder Bay,https://bestbangforyourbud.com/en/stores/ON/Thunder Bay
Oakville,Val Caron,https://bestbangforyourbud.com/en/stores/ON/Val Caron
Oakville,Vankleek Hill,https://bestbangforyourbud.com/en/stores/ON/Vankleek Hill
Oakville,Vermillion Bay,https://bestbangforyourbud.com/en/stores/ON/Vermillion Bay
Oakville,Wasaga Beach,https://bestbangforyourbud.com/en/stores/ON/Wasaga Beach
Oakville,West Lorne,https://bestbangforyourbud.com/en/stores/ON/West Lorne
Mississauga,New Arrivals,https://bestbangforyourbud.com/en/stores/ON/Mississauga/new-arrivals
Mississauga,Budders - Budders - Mississauga,https://bestbangforyourbud.com/en/stores/ON/Mississauga/1212-dundas-st-w
Mississauga,Buzzed Buds Co. - Buzzed Buds Co. - Mississauga,https://bestbangforyourbud.com/en/stores/ON/Mississauga/1375-southdown-rd
Mississauga,Canacron Cannabis - Canacron Cannabis,https://bestbangforyourbud.com/en/stores/ON/Mississauga/1151-dundas-street-west
Mississauga,Canna Cabana - Canna Cabana - Hurontorio,https://bestbangforyourbud.com/en/stores/ON/Mississauga/unit-4-2090-hurontario-street
Mississauga,Canna Cabana - Canna Cabana - Kingsbury,https://bestbangforyourbud.com/en/stores/ON/Mississauga/unit-7b-1891-rathburn-rd-e
Mississauga,Canna Cabana - Canna Cabana - Mavis,https://bestbangforyourbud.com/en/stores/ON/Mississauga/unit-5-5700-mavis-road
Mississauga,Canna Cabana - Canna Cabana - Millcreek,https://bestbangforyourbud.com/en/stores/ON/Mississauga/unit-14-6400-millcreek-drive
Mississauga,Canna Cabana - Canna Cabana - Rockwood,https://bestbangforyourbud.com/en/stores/ON/Mississauga/unit-ph2-2-4141-dixie-road
Mississauga,Canna Cabana - Canna Cabana - Tomken,https://bestbangforyourbud.com/en/stores/ON/Mississauga/unit-b4a-925-rathburn-rd-east
Mississauga,Canna Cabana - Canna Cabana -Winston Churchill,https://bestbangforyourbud.com/en/stores/ON/Mississauga/unit-6-2901-eglinton-avenue-west
Mississauga,Cannabis Hut - Cannabis Hut - Lakeshore,https://bestbangforyourbud.com/en/stores/ON/Mississauga/632-lakeshore-rd-e
Mississauga,Cannabis Hut - Cannabis Hut - Mississauga,https://bestbangforyourbud.com/en/stores/ON/Mississauga/6-helene-st-n
Mississauga,Cannabis Place - Cannabis Place (The Rainbow Palace Inc.) - Mississauga,https://bestbangforyourbud.com/en/stores/ON/Mississauga/2555-hurontario-st
Mississauga,Cost Cannabis - Cost Cannabis - Mississauga,https://bestbangforyourbud.com/en/stores/ON/Mississauga/918-dundas-street-east-e77bf496-19c7-4152-b1c9-2f8e1ff60273
Mississauga,Crown Leaf - Crown Leaf - Queen,https://bestbangforyourbud.com/en/stores/ON/Mississauga/128-queen-st-south-suite-13
Mississauga,Discounted Cannabis - Discounted Cannabis - Mississauga,https://bestbangforyourbud.com/en/stores/ON/Mississauga/945-lakeshore-road-east
Mississauga,Dope Cannabis - Dope Cannabis - Malton,https://bestbangforyourbud.com/en/stores/ON/Mississauga/7454-airport-road
Mississauga,Dope Cannabis - Dope Cannabis - Streetsville,https://bestbangforyourbud.com/en/stores/ON/Mississauga/45-queen-street-north
Mississauga,FIKA Local - FIKA Local - Hazelton,https://bestbangforyourbud.com/en/stores/ON/Mississauga/2955-hazelton-pl
Mississauga,Ganjika House - Ganjika House - Mississauga,https://bestbangforyourbud.com/en/stores/ON/Mississauga/801-dundas-st-e-d1
Mississauga,Holland Daze - Holland Daze - Erin Mills,https://bestbangforyourbud.com/en/stores/ON/Mississauga/6415-erin-mills-pkwy-5b
Mississauga,Hunny Pot Cannabis - Hunny Pot Cannabis - Applewood Hills,https://bestbangforyourbud.com/en/stores/ON/Mississauga/980-burnhamthorpe-rd-e
Mississauga,Hunny Pot Cannabis - Hunny Pot Cannabis - Cooksville,https://bestbangforyourbud.com/en/stores/ON/Mississauga/2500-hurontario-st
Mississauga,Hunny Pot Cannabis - Hunny Pot Cannabis - Erin Mills,https://bestbangforyourbud.com/en/stores/ON/Mississauga/3476-glen-erin-dr
Mississauga,Hunny Pot Cannabis - Hunny Pot Cannabis - Square One,https://bestbangforyourbud.com/en/stores/ON/Mississauga/4036-confederation-pkwy
Mississauga,Kindling Cannabis - Kindling Cannabis - Mississauga,https://bestbangforyourbud.com/en/stores/ON/Mississauga/251-lakeshore-road-east
Mississauga,Moonwlkr Cannabis - Moonwlkr Cannabis - Mississauga,https://bestbangforyourbud.com/en/stores/ON/Mississauga/3515-odyssey-dr
Mississauga,One Tree Cannabis - One Tree Cannabis,https://bestbangforyourbud.com/en/stores/ON/Mississauga/3437-derry-road-east
Mississauga,Pop's Cannabis Co. - Pop's Cannabis Co. - Mississauga (Applewood),https://bestbangforyourbud.com/en/stores/ON/Mississauga/1125-bloor-st-e-suite-13
Mississauga,Pop's Cannabis Co. - Pop's Cannabis Co. - Mississauga (Central Parkway),https://bestbangforyourbud.com/en/stores/ON/Mississauga/377-burnhamthorpe-rd-e
Mississauga,Pop's Cannabis Co. - Pop's Cannabis Co. - Mississauga (Clarkson Crossing),https://bestbangforyourbud.com/en/stores/ON/Mississauga/960-southdown-rd
Mississauga,Pop's Cannabis Co. - Pop's Cannabis Co. - Mississauga (Derry Road),https://bestbangforyourbud.com/en/stores/ON/Mississauga/3221-derry-rd-w
Mississauga,Pop's Cannabis Co. - Pop's Cannabis Co. - Mississauga (McLaughlin),https://bestbangforyourbud.com/en/stores/ON/Mississauga/7070-st-barbara-blvd
Mississauga,Pop's Cannabis Co. - Pop's Cannabis Co. - Mississauga (Meadowvale),https://bestbangforyourbud.com/en/stores/ON/Mississauga/6720-meadowvale-town-centre-circle-unit-d01a
Mississauga,Pop's Cannabis Co. - Pop's Cannabis Co. - Mississauga (South Common),https://bestbangforyourbud.com/en/stores/ON/Mississauga/2136-burnhamthorpe-rd-w
Mississauga,Purple Tree Cannabis - Purple Tree Cannabis - Mississauga,https://bestbangforyourbud.com/en/stores/ON/Mississauga/1077-n-service-rd-unit-12
Mississauga,Runway Pot - Runway Pot - Mississauga,https://bestbangforyourbud.com/en/stores/ON/Mississauga/2567-hurontario-st
Mississauga,Sacred Grass - Sacred Grass,https://bestbangforyourbud.com/en/stores/ON/Mississauga/3405-south-millway
Mississauga,Sauga Cannabis - Sauga Cannabis,https://bestbangforyourbud.com/en/stores/ON/Mississauga/295-eglinton-avenue-east
Mississauga,Silverleaf Cannabis - Silverleaf Cannabis - Silverleaf Cannabis - Hamilton,https://bestbangforyourbud.com/en/stores/ON/Mississauga/628-bloor-street
Mississauga,Soma Leaf Company - Soma Leaf Company - Port Credit,https://bestbangforyourbud.com/en/stores/ON/Mississauga/280-lakeshore-road-west
Mississauga,Spiritleaf - Spiritleaf - Meadowvale,https://bestbangforyourbud.com/en/stores/ON/Mississauga/3021-argentia-rd-106
Mississauga,Spot420 - Spot420 - Mississauga (Derry Rd. W),https://bestbangforyourbud.com/en/stores/ON/Mississauga/2760-derry-road-west
Mississauga,Spot420 - Spot420 - Mississauga Credit Valley,https://bestbangforyourbud.com/en/stores/ON/Mississauga/2180-credit-valley-road
Mississauga,Star Cannabis - Star Cannabis,https://bestbangforyourbud.com/en/stores/ON/Mississauga/589-n-service-rd-unit-1a
Mississauga,The Crown Leaf - The Crown Leaf - Mississauga - Dundas,https://bestbangforyourbud.com/en/stores/ON/Mississauga/55-dundas-street-east
Mississauga,The Woods Cannabis - The Woods Cannabis - Mississauga - Dundas,https://bestbangforyourbud.com/en/stores/ON/Mississauga/3145-dundas-street-west
Mississauga,The Woods Cannabis - The Woods Cannabis - Mississauga - Eglinton,https://bestbangforyourbud.com/en/stores/ON/Mississauga/660-eglinton-ave-w
Mississauga,True North Cannabis Co. - True North Cannabis Co. - Mississauga,https://bestbangforyourbud.com/en/stores/ON/Mississauga/1370-dundas-st-e
Mississauga,WE-D Cannabis - WE-D Cannabis - Mississauga,https://bestbangforyourbud.com/en/stores/ON/Mississauga/2400-dundas-st-w
Mississauga,WOW World of Weed - WOW World of Weed - East Mississauga,https://bestbangforyourbud.com/en/stores/ON/Mississauga/1900-dundas-st-w
Mississauga,WOW World of Weed - WOW World of Weed - South Mississauga,https://bestbangforyourbud.com/en/stores/ON/Mississauga/983-lakeshore-rd-e
Milton,New Arrivals,https://bestbangforyourbud.com/en/stores/ON/Milton/new-arrivals
Milton,Canna Cabana - Canna Cabana - Milton,https://bestbangforyourbud.com/en/stores/ON/Milton/1155-maple-avenue
Milton,Cannaco The Cannabis Company - Cannaco The Cannabis Company - Milton,https://bestbangforyourbud.com/en/stores/ON/Milton/547-main-street-east
Milton,Culture Rising - Culture Rising,https://bestbangforyourbud.com/en/stores/ON/Milton/1248-main-street-east
Milton,FIKA Local Herbal Goods - FIKA Local Herbal Goods - Milton,https://bestbangforyourbud.com/en/stores/ON/Milton/1290-steeles-avenue-east
Milton,Hunny Pot Cannabis - Hunny Pot Cannabis - Milton,https://bestbangforyourbud.com/en/stores/ON/Milton/101-james-snow-parkway-north
Milton,Kindling Cannabis - Kindling Cannabis - Milton,https://bestbangforyourbud.com/en/stores/ON/Milton/249-mary-street
Milton,Piffingtons Cannabis - Piffingtons Cannabis - Milton,https://bestbangforyourbud.com/en/stores/ON/Milton/100-bronte-street-south
Milton,Tokyo Smoke - Tokyo Smoke - Milton Commons,https://bestbangforyourbud.com/en/stores/ON/Milton/890-main-street-east
Milton,TreeTop Cannabis - TreeTop Cannabis - Milton,https://bestbangforyourbud.com/en/stores/ON/Milton/150-nipissing-road
Brampton,New Arrivals,https://bestbangforyourbud.com/en/stores/ON/Brampton/new-arrivals
Brampton,6ix Cannabis - 6ix Cannabis - Flowertown,https://bestbangforyourbud.com/en/stores/ON/Brampton/4-flowertown-avenue
Brampton,6ix Cannabis - 6ix Cannabis - North Park Drive,https://bestbangforyourbud.com/en/stores/ON/Brampton/2120-north-park-drive
Brampton,Buds Smoke - BUDSSMOKE - Brampton,https://bestbangforyourbud.com/en/stores/ON/Brampton/170-davenfield-circle
Brampton,Canna Cabana - Canna Cabana - 410 @ 7 Brampton,https://bestbangforyourbud.com/en/stores/ON/Brampton/148-west-drive
Brampton,Canna Cabana - Canna Cabana - Brampton-Woodhills,https://bestbangforyourbud.com/en/stores/ON/Brampton/9025-airport-road-unit-2
Brampton,Cannabis Xpress - Cannabis Xpress - Brampton (Hurontario),https://bestbangforyourbud.com/en/stores/ON/Brampton/11670-hurontario-street
Brampton,Cannabis Xpress - Cannabis Xpress - Brampton (Veterans),https://bestbangforyourbud.com/en/stores/ON/Brampton/405-veterans-drive
Brampton,Crown Leaf - Crown Leaf - Clarence,https://bestbangforyourbud.com/en/stores/ON/Brampton/75-clarence-street
Brampton,Crown Leaf - Crown Leaf - Steeles,https://bestbangforyourbud.com/en/stores/ON/Brampton/1-steeles-avenue-east
Brampton,Ganjika House - Ganjika House - Brampton (Main Street),https://bestbangforyourbud.com/en/stores/ON/Brampton/186-main-street-south
Brampton,Ganjika House - Ganjika House - Brampton (Queen St),https://bestbangforyourbud.com/en/stores/ON/Brampton/2880-queen-street-east
Brampton,Golden Tree Cannabis - Golden Tree Cannabis - Brampton,https://bestbangforyourbud.com/en/stores/ON/Brampton/10671-chinguacousy-road-unit-b7
Brampton,HiBUZZ Cannabis - HiBUZZ Cannabis - Brampton,https://bestbangforyourbud.com/en/stores/ON/Brampton/40-rivermont-road
Brampton,High Tea Cannabis Co - High Tea Cannabis Co - Brampton,https://bestbangforyourbud.com/en/stores/ON/Brampton/50-kennedy-road-south
Brampton,Holland Daze - Holland Daze - Brampton,https://bestbangforyourbud.com/en/stores/ON/Brampton/1-wexford-road
Brampton,Hunny Pot Cannabis,https://bestbangforyourbud.com/en/stores/ON/Brampton/2933-queen-street-east
Brampton,Moonwlkr Cannabis - Moonwlkr Cannabis - Brampton,https://bestbangforyourbud.com/en/stores/ON/Brampton/11685-mcvean-dr-unit-44
Brampton,Oki Cannabis - Oki Cannabis,https://bestbangforyourbud.com/en/stores/ON/Brampton/34-avondale-boulevard
Brampton,One Plant - One Plant - Brampton,https://bestbangforyourbud.com/en/stores/ON/Brampton/160-great-lakes-drive
Brampton,Piffingtons Cannabis - Piffingtons Cannabis - Brampton,https://bestbangforyourbud.com/en/stores/ON/Brampton/345-queen-street-west
Brampton,Pop's Cannabis Co. - Pop's Cannabis Co. - Brampton,https://bestbangforyourbud.com/en/stores/ON/Brampton/10-beaumaris-drive
Brampton,Shiny Bud - Shiny Bud - Brampton,https://bestbangforyourbud.com/en/stores/ON/Brampton/23-seachart-place
Brampton,Spiritleaf - Spiritleaf - Brampton,https://bestbangforyourbud.com/en/stores/ON/Brampton/170-sandalwood-parkway-east
Brampton,Spiritleaf - Spiritleaf - Brickyard,https://bestbangforyourbud.com/en/stores/ON/Brampton/110-brickyard-way
Brampton,Spiritleaf - Spiritleaf - Imperial Centre,https://bestbangforyourbud.com/en/stores/ON/Brampton/2456-queen-street-east
Brampton,THC Centre Cannabis - THC Centre Cannabis,https://bestbangforyourbud.com/en/stores/ON/Brampton/144-kennedy-road-south
Brampton,TOKA Cannabis - TOKA Cannabis,https://bestbangforyourbud.com/en/stores/ON/Brampton/490-chrysler-drive
Brampton,The Cannabis Guys - The Cannabis Guys - Brampton/Mississauga,https://bestbangforyourbud.com/en/stores/ON/Brampton/8335-financial-drive
Brampton,The Green Hex - The Green Hex,https://bestbangforyourbud.com/en/stores/ON/Brampton/200-county-court-boulevard
Brampton,The Woods Cannabis - The Woods Cannabis - Brampton,https://bestbangforyourbud.com/en/stores/ON/Brampton/5-montpelier-st
Brampton,Tokyo Smoke - Tokyo Smoke - Brampton Bramalea Rd,https://bestbangforyourbud.com/en/stores/ON/Brampton/11795-bramalea-road
Brampton,Tokyo Smoke - Tokyo Smoke - Brampton Shoppers World,https://bestbangforyourbud.com/en/stores/ON/Brampton/499-main-street-south
Brampton,Value Buds - Value Buds - 410 & Steeles,https://bestbangforyourbud.com/en/stores/ON/Brampton/resolution-drive-brampton
Brampton,Value Buds - Value Buds - Fletcher Meadows,https://bestbangforyourbud.com/en/stores/ON/Brampton/17-worthington-ave
Brampton,Value Buds - Value Buds - Queen and Kennedy,https://bestbangforyourbud.com/en/stores/ON/Brampton/233-queen-street-east
Brampton,Value Buds - Value Buds - Wanless Centre,https://bestbangforyourbud.com/en/stores/ON/Brampton/10886-hurontario-street
Brampton,Vibe Cannabis - Vibe Cannabis - Brampton,https://bestbangforyourbud.com/en/stores/ON/Brampton/117-inspire-blvd
Stoney-Creek,New Arrivals,https://bestbangforyourbud.com/en/stores/ON/Stoney%20Creek/new-arrivals
Stoney-Creek,Cabbage Brothers - Cabbage Brothers - Stoney Creek,https://bestbangforyourbud.com/en/stores/ON/Stoney Creek/483-highway-8
Stoney-Creek,Canna Cabana - Canna Cabana - Stoney Creek,https://bestbangforyourbud.com/en/stores/ON/Stoney Creek/unit-f2-94-highway-8
Stoney-Creek,Cannabis Cupboard - Cannabis Cupboard - Stoney Creek,https://bestbangforyourbud.com/en/stores/ON/Stoney Creek/952-queenston-road
Stoney-Creek,Elevated Minds - Elevated Minds,https://bestbangforyourbud.com/en/stores/ON/Stoney Creek/570-highway-8
Stoney-Creek,Neku Cannabis - Neku Cannabis - Stoney Creek,https://bestbangforyourbud.com/en/stores/ON/Stoney Creek/89-king-street-east
Stoney-Creek,One Plant - One Plant - Stoney Creek,https://bestbangforyourbud.com/en/stores/ON/Stoney Creek/1370-south-service-road
Stoney-Creek,Sessions Cannabis - Sessions Cannabis - Stoney Creek,https://bestbangforyourbud.com/en/stores/ON/Stoney Creek/369-highway-8
