sentiment_label,post_count,positive_signals,negative_signals,avg_upvotes,top_comment,brand_key
No data,0,0,0,0,,none
No data,0,0,0,0,,randy s
No data,0,0,0,0,,emprise canada
No data,0,0,0,0,,twiddles
No data,0,0,0,0,,elev8 by dayday
No data,0,0,0,0,,blissed
No data,0,0,0,0,,liiv
No data,0,0,0,0,,indiva blips
No data,0,0,0,0,,redecan
No data,0,0,0,0,,wildflower
No data,0,0,0,0,,mollo
No data,0,0,0,0,,abide wholehemp custom blends
No data,0,0,0,0,,ddk marketing
No data,0,0,0,0,,olli stikistix
No data,0,0,0,0,,aiki skin
No data,0,0,0,0,,pure rosin
No data,0,0,0,0,,olli o s
No data,0,0,0,0,,countryside cannabis
No data,0,0,0,0,,buddy blooms
No data,0,0,0,0,,pepe
No data,0,0,0,0,,social sessions
No data,0,0,0,0,,t cann mgmt corp
No data,0,0,0,0,,red eye glass
No data,0,0,0,0,,soar
No data,0,0,0,0,,supplied by 1964
No data,0,0,0,0,,1964
No data,0,0,0,0,,1spliff
No data,0,0,0,0,,viola
No data,0,0,0,0,,lemon and grass
No data,0,0,0,0,,lune rise farms
No data,0,0,0,0,,tytan dope drops
No data,0,0,0,0,,eastcann
No data,0,0,0,0,,splitz
No data,0,0,0,0,,canna crush
No data,0,0,0,0,,abide
No data,0,0,0,0,,divvy
No data,0,0,0,0,,endgame
No data,0,0,0,0,,kolab project
No data,0,0,0,0,,choklit park
No data,0,0,0,0,,thinker x ahlot
No data,0,0,0,0,,redpill
No data,0,0,0,0,,debunk
No data,0,0,0,0,,naturally nutra
No data,0,0,0,0,,persy
No data,0,0,0,0,,k o by nightnight
No data,0,0,0,0,,tytan mega effects
No data,0,0,0,0,,vanpak limited
No data,0,0,0,0,,adults only
No data,0,0,0,0,,d lbs
No data,0,0,0,0,,true fire
No data,0,0,0,0,,woody nelson
No data,0,0,0,0,,arsenal
No data,0,0,0,0,,cookies
No data,0,0,0,0,,back forty
No data,0,0,0,0,,green rose seeds
No data,0,0,0,0,,manna
No data,0,0,0,0,,general admission
No data,0,0,0,0,,chillbilly
No data,0,0,0,0,,ollie baked
No data,0,0,0,0,,ccell
No data,0,0,0,0,,sherbinskis
No data,0,0,0,0,,wild west
No data,0,0,0,0,,ongrok
No data,0,0,0,0,,sixty seven sins
No data,0,0,0,0,,67 sins
No data,0,0,0,0,,space bros
No data,0,0,0,0,,ambr
No data,0,0,0,0,,fiyastarter
No data,0,0,0,0,,1above
No data,0,0,0,0,,7acres
No data,0,0,0,0,,shatterizer
No data,0,0,0,0,,bc oz
No data,0,0,0,0,,marley glass
No data,0,0,0,0,,big
No data,0,0,0,0,,table top
No data,0,0,0,0,,mtl cannabis
No data,0,0,0,0,,frost cannabis
No data,0,0,0,0,,community c o purple hills
No data,0,0,0,0,,purple hills
No data,0,0,0,0,,tenzo
No data,0,0,0,0,,olli bursts
No data,0,0,0,0,,boxhot
No data,0,0,0,0,,crooked dory
No data,0,0,0,0,,far out crops
No data,0,0,0,0,,the legacy market
No data,0,0,0,0,,fatcat
No data,0,0,0,0,,jonny chronic
No data,0,0,0,0,,jonny economy
No data,0,0,0,0,,status
No data,0,0,0,0,,cannabis cartel
No data,0,0,0,0,,greazy
No data,0,0,0,0,,vortex
No data,0,0,0,0,,pura vida
No data,0,0,0,0,,bullrider
No data,0,0,0,0,,autoflower breeder s club
No data,0,0,0,0,,greybeard
No data,0,0,0,0,,victoria cannabis company
No data,0,0,0,0,,bc doobies
No data,0,0,0,0,,ace valley
No data,0,0,0,0,,emerald hour
No data,0,0,0,0,,jublee extracts
No data,0,0,0,0,,pixel
No data,0,0,0,0,,bud lafleur
No data,0,0,0,0,,dab bods
No data,0,0,0,0,,top leaf
No data,0,0,0,0,,valhalla flwr
No data,0,0,0,0,,volo
No data,0,0,0,0,,valiant
No data,0,0,0,0,,bc green
No data,0,0,0,0,,cheers cannabis
No data,0,0,0,0,,xplor
No data,0,0,0,0,,xplor level x
No data,0,0,0,0,,coterie
No data,0,0,0,0,,boxhot highlighters
No data,0,0,0,0,,boxhot 1000
No data,0,0,0,0,,pure sunfarms
No data,0,0,0,0,,alien smoke
No data,0,0,0,0,,phyto extractions
No data,0,0,0,0,,windmill
No data,0,0,0,0,,shred
No data,0,0,0,0,,tidal
No data,0,0,0,0,,jays
No data,0,0,0,0,,bake sale
No data,0,0,0,0,,color cannabis
No data,0,0,0,0,,happy stoned
No data,0,0,0,0,,peak leaf
No data,0,0,0,0,,space race cannabis
No data,0,0,0,0,,infyniti
No data,0,0,0,0,,weed me grind
No data,0,0,0,0,,hcbd organics
No data,0,0,0,0,,fly north
No data,0,0,0,0,,no future
No data,0,0,0,0,,mythos
No data,0,0,0,0,,common ground
No data,0,0,0,0,,broken coast
No data,0,0,0,0,,station house
No data,0,0,0,0,,sensi brands inc
No data,0,0,0,0,,highly dutch organic
No data,0,0,0,0,,san rafael select
No data,0,0,0,0,,cannons
No data,0,0,0,0,,camp river cannabis
No data,0,0,0,0,,carmel
No data,0,0,0,0,,bobs better buds
No data,0,0,0,0,,wink
No data,0,0,0,0,,seaweed craft cannabis
No data,0,0,0,0,,super toast
No data,0,0,0,0,,fuego red
No data,0,0,0,0,,sitka micro collection
No data,0,0,0,0,,514
No data,0,0,0,0,,supernova farms
No data,0,0,0,0,,glacial gold
No data,0,0,0,0,,hifeelu
No data,0,0,0,0,,phant craft
No data,0,0,0,0,,sumo
No data,0,0,0,0,,papa s herb
No data,0,0,0,0,,suge
No data,0,0,0,0,,caviar gold
No data,0,0,0,0,,potluck
No data,0,0,0,0,,palmetto
No data,0,0,0,0,,sensi mila
No data,0,0,0,0,,jublee
No data,0,0,0,0,,clone collector seed bank
No data,0,0,0,0,,edison sonics
No data,0,0,0,0,,sensitiva
No data,0,0,0,0,,clem co
No data,0,0,0,0,,partake
No data,0,0,0,0,,port north
No data,0,0,0,0,,back country
No data,0,0,0,0,,weathered islands craft cannabis
No data,0,0,0,0,,edison jolts
No data,0,0,0,0,,polar
No data,0,0,0,0,,rebound by stewart farms
No data,0,0,0,0,,doobie snacks
No data,0,0,0,0,,tweed
No data,0,0,0,0,,dosist
No data,0,0,0,0,,homage
No data,0,0,0,0,,aspire
No data,0,0,0,0,,aspire infusions
No data,0,0,0,0,,5 points cannabis
No data,0,0,0,0,,smoke arsenal
No data,0,0,0,0,,the drip
No data,0,0,0,0,,astrolab
No data,0,0,0,0,,ono
No data,0,0,0,0,,spinach
No data,0,0,0,0,,northern canna
No data,0,0,0,0,,highgreens
No data,0,0,0,0,,ivory
No data,0,0,0,0,,automatic ganja
No data,0,0,0,0,,34 street seed co
No data,0,0,0,0,,queen of bud
No data,0,0,0,0,,aviator cannabis co canada
No data,0,0,0,0,,aviator cannabis co
No data,0,0,0,0,,axea
No data,0,0,0,0,,jeeter
No data,0,0,0,0,,sticky greens
No data,0,0,0,0,,encore
No data,0,0,0,0,,apothecary labs
No data,0,0,0,0,,big bag o buds
No data,0,0,0,0,,versus
No data,0,0,0,0,,canopy growth corp
No data,0,0,0,0,,community
No data,0,0,0,0,,solei
No data,0,0,0,0,,chowie wowie
No data,0,0,0,0,,decimal
No data,0,0,0,0,,nuleaf naturals
No data,0,0,0,0,,foray
No data,0,0,0,0,,ocb
No data,0,0,0,0,,full sesh
No data,0,0,0,0,,crown cannabis canada
No data,0,0,0,0,,raw
No data,0,0,0,0,,litti
No data,0,0,0,0,,tadu
No data,0,0,0,0,,xmg
No data,0,0,0,0,,double j s terpnami
No data,0,0,0,0,,green joy
No data,0,0,0,0,,roilty
No data,0,0,0,0,,rezinate
No data,0,0,0,0,,handy dandies
No data,0,0,0,0,,zest cannabis
No data,0,0,0,0,,bold glazed
No data,0,0,0,0,,homestead
No data,0,0,0,0,,fume by dom jackson
No data,0,0,0,0,,catch me outside
No data,0,0,0,0,,kushkraft
No data,0,0,0,0,,sheesh hash sodas
No data,0,0,0,0,,dom jackson
No data,0,0,0,0,,sheesh
No data,0,0,0,0,,highxotic
No data,0,0,0,0,,stewart farms
No data,0,0,0,0,,noon night
No data,0,0,0,0,,trippy sips
No data,0,0,0,0,,strain rec
No data,0,0,0,0,,bam
No data,0,0,0,0,,the original fraser valley weed co
No data,0,0,0,0,,west coast craft
No data,0,0,0,0,,bc black
No data,0,0,0,0,,simply bare
No data,0,0,0,0,,good buds
No data,0,0,0,0,,coast mountain cannabis
No data,0,0,0,0,,cappellano cannabis co
No data,0,0,0,0,,big steal
No data,0,0,0,0,,burb
No data,0,0,0,0,,op
No data,0,0,0,0,,beamer candle co
No data,0,0,0,0,,bc 1 2 oz
No data,0,0,0,0,,the loud plug
No data,0,0,0,0,,c
No data,0,0,0,0,,blast
No data,0,0,0,0,,olli zero
No data,0,0,0,0,,biggies
No data,0,0,0,0,,good supply
No data,0,0,0,0,,stunnerz
No data,0,0,0,0,,lunch
No data,0,0,0,0,,terpi
No data,0,0,0,0,,aurora drift
No data,0,0,0,0,,drift
No data,0,0,0,0,,monjour
No data,0,0,0,0,,organigram inc
No data,0,0,0,0,,platinum
No data,0,0,0,0,,m ry jones
No data,0,0,0,0,,fuego
No data,0,0,0,0,,strains limited
No data,0,0,0,0,,indiva
No data,0,0,0,0,,deep space
No data,0,0,0,0,,blk mkt
No data,0,0,0,0,,buzz d
No data,0,0,0,0,,pure laine
No data,0,0,0,0,,vox popz
No data,0,0,0,0,,thrifty
No data,0,0,0,0,,thrifty grab bag
No data,0,0,0,0,,piff
No data,0,0,0,0,,standard issue
No data,0,0,0,0,,ambr x sj
No data,0,0,0,0,,biggies by even
No data,0,0,0,0,,hunny pot
No data,0,0,0,0,,tremblant cannabis
No data,0,0,0,0,,silk road
No data,0,0,0,0,,3rd coast genetics
No data,0,0,0,0,,xmg alt
No data,0,0,0,0,,valens agritech ltd
No data,0,0,0,0,,unit 15
No data,0,0,0,0,,oceanic premium
No data,0,0,0,0,,lahoja
No data,0,0,0,0,,dymond concentrates 2 0
No data,0,0,0,0,,high note
No data,0,0,0,0,,san rafael 71
No data,0,0,0,0,,the republic
No data,0,0,0,0,,ritual green
No data,0,0,0,0,,ritual sticks
No data,0,0,0,0,,black mamba
No data,0,0,0,0,,weed me
No data,0,0,0,0,,juicy jays
No data,0,0,0,0,,cactus
No data,0,0,0,0,,emblem cannabis corp
No data,0,0,0,0,,pistol and paris
No data,0,0,0,0,,royal cannabis supply co
No data,0,0,0,0,,wildlife cannabis co
No data,0,0,0,0,,spinach feelz
No data,0,0,0,0,,phresh strains
No data,0,0,0,0,,vacay
No data,0,0,0,0,,cq sparkling
No data,0,0,0,0,,pearls by gr n
No data,0,0,0,0,,dime industries
No data,0,0,0,0,,thumbs up
No data,0,0,0,0,,orchard
No data,0,0,0,0,,snap back
No data,0,0,0,0,,olli
No data,0,0,0,0,,iris labs
No data,0,0,0,0,,bleuh
No data,0,0,0,0,,medreleaf corp
No data,0,0,0,0,,november rain
No data,0,0,0,0,,blazer
No data,0,0,0,0,,value buds
No data,0,0,0,0,,crushed
No data,0,0,0,0,,leisure club
No data,0,0,0,0,,trygg
No data,0,0,0,0,,hash co
No data,0,0,0,0,,d gree
No data,0,0,0,0,,collective project
No data,0,0,0,0,,embody
No data,0,0,0,0,,ripped
No data,0,0,0,0,,buds
No data,0,0,0,0,,kaleida
No data,0,0,0,0,,harts
No data,0,0,0,0,,weed me max
No data,0,0,0,0,,blue collar
No data,0,0,0,0,,millrite
No data,0,0,0,0,,aphria inc
No data,0,0,0,0,,peace naturals project inc
No data,0,0,0,0,,gas
No data,0,0,0,0,,glenn s
No data,0,0,0,0,,ness
No data,0,0,0,0,,cloudy
No data,0,0,0,0,,phresh
No data,0,0,0,0,,emprise rapid thirstc
No data,0,0,0,0,,tasty s
No data,0,0,0,0,,vox
No data,0,0,0,0,,riff
No data,0,0,0,0,,even
No data,0,0,0,0,,censored edibles
No data,0,0,0,0,,rad
No data,0,0,0,0,,portals hi bursts
No data,0,0,0,0,,sesh edibles
No data,0,0,0,0,,sourz by spinach
No data,0,0,0,0,,portals max
No data,0,0,0,0,,spinach grindz
No data,0,0,0,0,,olli trippers
No data,0,0,0,0,,xmg atomic sours
No data,0,0,0,0,,pearl extracts
No data,0,0,0,0,,dealr infused
No data,0,0,0,0,,smokes minis
No data,0,0,0,0,,shred x
No data,0,0,0,0,,shred x heavies
No data,0,0,0,0,,floresense
No data,0,0,0,0,,next friday
No data,0,0,0,0,,mariwell
No data,0,0,0,0,,wana
No data,0,0,0,0,,keef life h20
No data,0,0,0,0,,irony
No data,0,0,0,0,,3saints
No data,0,0,0,0,,pax
No data,0,0,0,0,,dazed infused
No data,0,0,0,0,,weedmd rx inc
No data,0,0,0,0,,sheeesh
No data,0,0,0,0,,ohja
No data,0,0,0,0,,truro
No data,0,0,0,0,,emprise rapid
No data,0,0,0,0,,blunt love
No data,0,0,0,0,,spring hill cannabis company
No data,0,0,0,0,,bold
No data,0,0,0,0,,bold team
No data,0,0,0,0,,booty
No data,0,0,0,0,,borosci
No data,0,0,0,0,,boundless
No data,0,0,0,0,,the goo
No data,0,0,0,0,,overtime
No data,0,0,0,0,,high stick
No data,0,0,0,0,,assuage
No data,0,0,0,0,,bc 1 4
No data,0,0,0,0,,smokestack
No data,0,0,0,0,,uncommon cannabis co
No data,0,0,0,0,,zeus
No data,0,0,0,0,,plush
No data,0,0,0,0,,boxhot retro dusties
No data,0,0,0,0,,keef
No data,0,0,0,0,,keef brands
No data,0,0,0,0,,sluggers
No data,0,0,0,0,,qwest 35 s
No data,0,0,0,0,,naked mummer
No data,0,0,0,0,,baked babes
No data,0,0,0,0,,tribal
No data,0,0,0,0,,nugz rosin
No data,0,0,0,0,,queen of the underground
No data,0,0,0,0,,promenade
No data,0,0,0,0,,other people s pot
No data,0,0,0,0,,prairie craft canopy
No data,0,0,0,0,,vero
No data,0,0,0,0,,bc smalls
No data,0,0,0,0,,cabana cannabis co
No data,0,0,0,0,,cali slimz
No data,0,0,0,0,,kiwi cannabis
No data,0,0,0,0,,ufeelu
No data,0,0,0,0,,toasted
No data,0,0,0,0,,pure trichomes inc
No data,0,0,0,0,,high maintenance
No data,0,0,0,0,,astronutz
No data,0,0,0,0,,snicklefritz
No data,0,0,0,0,,1spliff reserve
No data,0,0,0,0,,tantalus labs
No data,0,0,0,0,,four54
No data,0,0,0,0,,castle rock farms
No data,0,0,0,0,,double j s
No data,0,0,0,0,,bhang
No data,0,0,0,0,,a ha
No data,0,0,0,0,,laughing ass
No data,0,0,0,0,,carmel cannabis
No data,0,0,0,0,,paw t shop
No data,0,0,0,0,,cannabis brothers
No data,0,0,0,0,,medipharm labs
No data,0,0,0,0,,dosecann
No data,0,0,0,0,,c minor
No data,0,0,0,0,,jublee cbd
No data,0,0,0,0,,jublee skin
No data,0,0,0,0,,frank cbd
No data,0,0,0,0,,higher health
No data,0,0,0,0,,reef organic
No data,0,0,0,0,,cbd kiss
No data,0,0,0,0,,wholehemp
No data,0,0,0,0,,wildcard extracts
No data,0,0,0,0,,nuance
No data,0,0,0,0,,orchid cbd
No data,0,0,0,0,,freshdayly
No data,0,0,0,0,,five founders
No data,0,0,0,0,,lofi
No data,0,0,0,0,,agmedica bioscience inc
No data,0,0,0,0,,northbound cannabis
No data,0,0,0,0,,joints
No data,0,0,0,0,,smoke that thunders
No data,0,0,0,0,,fbp
No data,0,0,0,0,,abide inc
No data,0,0,0,0,,joi botanicals
No data,0,0,0,0,,dayday
No data,0,0,0,0,,day day
No data,0,0,0,0,,mod
No data,0,0,0,0,,rho phyto
No data,0,0,0,0,,ovis
No data,0,0,0,0,,monjour bare
No data,0,0,0,0,,true north cannabis
No data,0,0,0,0,,nightnight
No data,0,0,0,0,,kinloch wellness
No data,0,0,0,0,,auxo
No data,0,0,0,0,,lord jones
No data,0,0,0,0,,roll n gold
No data,0,0,0,0,,big pete s treats
No data,0,0,0,0,,kootenay quantum
No data,0,0,0,0,,electric lettuce
No data,0,0,0,0,,virtue
No data,0,0,0,0,,figr
No data,0,0,0,0,,syrup
No data,0,0,0,0,,hotbox
No data,0,0,0,0,,well made
No data,0,0,0,0,,dealr
No data,0,0,0,0,,conspiracy
No data,0,0,0,0,,kazoo
No data,0,0,0,0,,tam tams
No data,0,0,0,0,,lowbanks grow
No data,0,0,0,0,,the hazy camper
No data,0,0,0,0,,boxhot cruise control
No data,0,0,0,0,,king palm
No data,0,0,0,0,,sitka legends
No data,0,0,0,0,,the kitchen
No data,0,0,0,0,,sweet justice
No data,0,0,0,0,,shred ems
No data,0,0,0,0,,xmg zero
No data,0,0,0,0,,trailblazer
No data,0,0,0,0,,be humble
No data,0,0,0,0,,wagners
No data,0,0,0,0,,boxhot fatties
No data,0,0,0,0,,cross border concentrates
No data,0,0,0,0,,smokes
No data,0,0,0,0,,just seltzers
No data,0,0,0,0,,dulces
No data,0,0,0,0,,hirock
No data,0,0,0,0,,riptides
No data,0,0,0,0,,bonbon
No data,0,0,0,0,,lit silicone
No data,0,0,0,0,,hannah s choice
No data,0,0,0,0,,blunt
No data,0,0,0,0,,high value
No data,0,0,0,0,,nueva
No data,0,0,0,0,,high park farms
No data,0,0,0,0,,chubs
No data,0,0,0,0,,terp town collective
No data,0,0,0,0,,thc kiss
No data,0,0,0,0,,dime bag
No data,0,0,0,0,,parcel
No data,0,0,0,0,,3saints holy ground
No data,0,0,0,0,,xopro
No data,0,0,0,0,,fetch
No data,0,0,0,0,,munchie box
No data,0,0,0,0,,hbi canada
No data,0,0,0,0,,eze
No data,0,0,0,0,,orange chronic
No data,0,0,0,0,,summit
No data,0,0,0,0,,kin slips
No data,0,0,0,0,,skunk pharm
No data,0,0,0,0,,bubble kush wandz fruitz
No data,0,0,0,0,,shred ems pop
No data,0,0,0,0,,invader
No data,0,0,0,0,,pepe gold
No data,0,0,0,0,,pulsar
No data,0,0,0,0,,canal st
No data,0,0,0,0,,canadian loud
No data,0,0,0,0,,greenseal
No data,0,0,0,0,,wildlife
No data,0,0,0,0,,lowkey by mtl cannabis
No data,0,0,0,0,,g pen
No data,0,0,0,0,,four buds farms
No data,0,0,0,0,,viib
No data,0,0,0,0,,countryside cannabis harvest reserve
No data,0,0,0,0,,cq drinks
No data,0,0,0,0,,eazy peezy
No data,0,0,0,0,,skosha
No data,0,0,0,0,,sensimila
No data,0,0,0,0,,1lot
No data,0,0,0,0,,can we
No data,0,0,0,0,,lamplighter
No data,0,0,0,0,,deep space propulsion
No data,0,0,0,0,,ambr x glenn s
No data,0,0,0,0,,one king
No data,0,0,0,0,,rocket factory
No data,0,0,0,0,,nugz shatter
No data,0,0,0,0,,el blunto
No data,0,0,0,0,,proofly
No data,0,0,0,0,,blendcraft
No data,0,0,0,0,,daily special
No data,0,0,0,0,,dank diner
No data,0,0,0,0,,weekends
No data,0,0,0,0,,piper s punch
No data,0,0,0,0,,balcony
No data,0,0,0,0,,wreckroom
No data,0,0,0,0,,kwall
No data,0,0,0,0,,f a a f o
No data,0,0,0,0,,fleurdebis
No data,0,0,0,0,,red market brand
No data,0,0,0,0,,fauna
No data,0,0,0,0,,deepvalue
No data,0,0,0,0,,buckshot buds
No data,0,0,0,0,,rilaxe
No data,0,0,0,0,,lolly
No data,0,0,0,0,,cap pharma
No data,0,0,0,0,,headspace
No data,0,0,0,0,,rizzlers
No data,0,0,0,0,,freedom cannabis
No data,0,0,0,0,,dip devices
No data,0,0,0,0,,qwest
No data,0,0,0,0,,distinkt
No data,0,0,0,0,,ripple by the green organic dutchman
No data,0,0,0,0,,emprise rapid djot
No data,0,0,0,0,,stoned
No data,0,0,0,0,,black kettle farms
No data,0,0,0,0,,lit
No data,0,0,0,0,,sweet vengeance
No data,0,0,0,0,,jolly boys
No data,0,0,0,0,,juicy hoots
No data,0,0,0,0,,bambu select
No data,0,0,0,0,,jane juice
No data,0,0,0,0,,slurpz
No data,0,0,0,0,,portals
No data,0,0,0,0,,cannabis cartel quads
No data,0,0,0,0,,hustle shake
No data,0,0,0,0,,staycation
No data,0,0,0,0,,fuel cell
No data,0,0,0,0,,nugz vapes
No data,0,0,0,0,,hvt
No data,0,0,0,0,,bubble kush wandz puffz
No data,0,0,0,0,,bzam
No data,0,0,0,0,,ministry of sativa
No data,0,0,0,0,,dank craft
No data,0,0,0,0,,nugz
No data,0,0,0,0,,mary s java
No data,0,0,0,0,,elements
No data,0,0,0,0,,honeystick
No data,0,0,0,0,,elite
No data,0,0,0,0,,ellevia
No data,0,0,0,0,,gemstonez
No data,0,0,0,0,,yocan
No data,0,0,0,0,,veryvell
No data,0,0,0,0,,bc weed co
No data,0,0,0,0,,west coast gas
No data,0,0,0,0,,liv relief
No data,0,0,0,0,,haven st premium cannabis
No data,0,0,0,0,,celebrity
No data,0,0,0,0,,nuveev
No data,0,0,0,0,,hiway
No data,0,0,0,0,,contraband
No data,0,0,0,0,,artiznl
No data,0,0,0,0,,omy
No data,0,0,0,0,,phant
No data,0,0,0,0,,sana a
No data,0,0,0,0,,claybourne
No data,0,0,0,0,,re play
No data,0,0,0,0,,fruit drops
No data,0,0,0,0,,the foundry
No data,0,0,0,0,,purefire
No data,0,0,0,0,,terra labs
No data,0,0,0,0,,starting point
No data,0,0,0,0,,frootyhooty
No data,0,0,0,0,,puffer s paradise
No data,0,0,0,0,,terp gush
No data,0,0,0,0,,canna seed co
No data,0,0,0,0,,deckies
No data,0,0,0,0,,cannabiomedic
No data,0,0,0,0,,stunnerz 30
No data,0,0,0,0,,punchy s
No data,0,0,0,0,,curado
No data,0,0,0,0,,virtue cannabis
No data,0,0,0,0,,canaca darts
No data,0,0,0,0,,grind
No data,0,0,0,0,,hazo
No data,0,0,0,0,,purileaf brands corporation
No data,0,0,0,0,,lot420 x persy
No data,0,0,0,0,,nu leaf naturals
No data,0,0,0,0,,impromptu
No data,0,0,0,0,,canna squarz
No data,0,0,0,0,,mailman
No data,0,0,0,0,,nugz joints
No data,0,0,0,0,,always toasted
No data,0,0,0,0,,nugz grind
No data,0,0,0,0,,nugz vape
No data,0,0,0,0,,tantalus
No data,0,0,0,0,,twd
No data,0,0,0,0,,baggies
No data,0,0,0,0,,big gas
No data,0,0,0,0,,go
No data,0,0,0,0,,west coast gifts
No data,0,0,0,0,,gear premium
No data,0,0,0,0,,lot420
No data,0,0,0,0,,high key
No data,0,0,0,0,,jbuds craft cannabis
No data,0,0,0,0,,tuck shop
No data,0,0,0,0,,gift card button
No data,0,0,0,0,,house of terpenes canntinis
No data,0,0,0,0,,debunk ice
No data,0,0,0,0,,hmp
No data,0,0,0,0,,tech tubes
No data,0,0,0,0,,apex
No data,0,0,0,0,,grasscity
No data,0,0,0,0,,spectre cannabis
No data,0,0,0,0,,melt
No data,0,0,0,0,,dabble cannabis co
No data,0,0,0,0,,high fidelity
No data,0,0,0,0,,teapot
No data,0,0,0,0,,1809 underground
No data,0,0,0,0,,spot
No data,0,0,0,0,,kronic
No data,0,0,0,0,,green mountain cannabis
No data,0,0,0,0,,milly
No data,0,0,0,0,,good supply monsters
No data,0,0,0,0,,green monke
No data,0,0,0,0,,voxpuffz
No data,0,0,0,0,,keef bottle cap gummies
No data,0,0,0,0,,saturday
No data,0,0,0,0,,costa canna
No data,0,0,0,0,,g tonik
No data,0,0,0,0,,book club library
No data,0,0,0,0,,strain theory
No data,0,0,0,0,,sauce rosin labs
No data,0,0,0,0,,green monk
No data,0,0,0,0,,canadian lumber
No data,0,0,0,0,,greenseal cannabis co
No data,0,0,0,0,,quad farmers
No data,0,0,0,0,,famous x
No data,0,0,0,0,,grobo inc
No data,0,0,0,0,,good supply juiced
No data,0,0,0,0,,pax era
No data,0,0,0,0,,mini packs
No data,0,0,0,0,,nugz munchies
No data,0,0,0,0,,boxhot stubbies
No data,0,0,0,0,,discofsh
No data,0,0,0,0,,zip
No data,0,0,0,0,,sublimeculture
No data,0,0,0,0,,1337 elite
No data,0,0,0,0,,best kind
No data,0,0,0,0,,xk
No data,0,0,0,0,,happy
No data,0,0,0,0,,happy hour
No data,0,0,0,0,,rosin heads
No data,0,0,0,0,,steeprock functional coffee est 420
No data,0,0,0,0,,nugz wrap
No data,0,0,0,0,,pineapple buds
No data,0,0,0,0,,cookies x green monk
No data,0,0,0,0,,cookies x green monke
No data,0,0,0,0,,canaca
No data,0,0,0,0,,hycycle
No data,0,0,0,0,,zig zag
No data,0,0,0,0,,biigbark
No data,0,0,0,0,,pure hemp
No data,0,0,0,0,,roilty extracts
No data,0,0,0,0,,kush
No data,0,0,0,0,,mood ring
No data,0,0,0,0,,high roller
No data,0,0,0,0,,surreal by collective project
No data,0,0,0,0,,magi
No data,0,0,0,0,,hits n ash
No data,0,0,0,0,,citizen stash
No data,0,0,0,0,,retro haze
No data,0,0,0,0,,care by design
No data,0,0,0,0,,ray s infused lemonade
No data,0,0,0,0,,backwoods bc bud
No data,0,0,0,0,,blendcraft by qwest
No data,0,0,0,0,,waza blast
No data,0,0,0,0,,sizzle boosted
No data,0,0,0,0,,trich ma mc
No data,0,0,0,0,,flint embers
No data,0,0,0,0,,hycycle hyroller
No data,0,0,0,0,,holy mountain
No data,0,0,0,0,,koots canna
No data,0,0,0,0,,chub s
No data,0,0,0,0,,dosecann inc
No data,0,0,0,0,,treehugger
No data,0,0,0,0,,twd 28
No data,0,0,0,0,,discreet
No data,0,0,0,0,,sizzle
No data,0,0,0,0,,aurora cannabis enterprises
No data,0,0,0,0,,double j s charged
No data,0,0,0,0,,violet tourist
No data,0,0,0,0,,integra
No data,0,0,0,0,,honey stick
No data,0,0,0,0,,astro boyz
No data,0,0,0,0,,high lovr
No data,0,0,0,0,,irie craft cannabis
No data,0,0,0,0,,lost farm
No data,0,0,0,0,,after hours
No data,0,0,0,0,,seaweed
No data,0,0,0,0,,pura earth
No data,0,0,0,0,,jax genetics
No data,0,0,0,0,,juicy jay
No data,0,0,0,0,,craftport cannabis
No data,0,0,0,0,,journey pipe
No data,0,0,0,0,,cannazonia
No data,0,0,0,0,,noodz
No data,0,0,0,0,,lotus
No data,0,0,0,0,,shucanna
No data,0,0,0,0,,kay s
No data,0,0,0,0,,keff
No data,0,0,0,0,,khushi
No data,0,0,0,0,,2589991 ontario inc d b a sess holdings
No data,0,0,0,0,,steel city green
No data,0,0,0,0,,strings
No data,0,0,0,0,,bubble kush zapz
No data,0,0,0,0,,knuckles
No data,0,0,0,0,,back country organics
No data,0,0,0,0,,muskoka grown
No data,0,0,0,0,,7 wanders
No data,0,0,0,0,,mill rite
No data,0,0,0,0,,terpina flora
No data,0,0,0,0,,7ashish
No data,0,0,0,0,,ab laboratories inc
No data,0,0,0,0,,leisure club bliss
No data,0,0,0,0,,high tea
No data,0,0,0,0,,all nations
No data,0,0,0,0,,bubble kush
No data,0,0,0,0,,proper
No data,0,0,0,0,,zele
No data,0,0,0,0,,nugz milled
No data,0,0,0,0,,nugz hash
No data,0,0,0,0,,ocs
No data,0,0,0,0,,yard
No data,0,0,0,0,,bic
No data,0,0,0,0,,doja
No data,0,0,0,0,,purplefarm
No data,0,0,0,0,,grass monkeys premium craft cannabis
No data,0,0,0,0,,dymond concentrates collab x
No data,0,0,0,0,,dank drops
No data,0,0,0,0,,natural history
No data,0,0,0,0,,safari flower co
No data,0,0,0,0,,her b
No data,0,0,0,0,,green seal
No data,0,0,0,0,,rosinstar
No data,0,0,0,0,,higgs
No data,0,0,0,0,,la boca
No data,0,0,0,0,,cookies by green monk
No data,0,0,0,0,,greybeard family farms
No data,0,0,0,0,,just kush
No data,0,0,0,0,,d gg lbs
No data,0,0,0,0,,albert einstone s
No data,0,0,0,0,,lite label
No data,0,0,0,0,,greyscales par lot420
No data,0,0,0,0,,portal
No data,0,0,0,0,,c cell
No data,0,0,0,0,,cali
No data,0,0,0,0,,humboldt seed company
No data,0,0,0,0,,kitset
No data,0,0,0,0,,se orita
No data,0,0,0,0,,disq
No data,0,0,0,0,,pure chews
No data,0,0,0,0,,boxhot 1000 exotic
No data,0,0,0,0,,premium 5
No data,0,0,0,0,,bogart s kitchen
No data,0,0,0,0,,smoker farms
No data,0,0,0,0,,western cannabis
No data,0,0,0,0,,trophy by even
No data,0,0,0,0,,velada
No data,0,0,0,0,,clickstix by chillbilly
No data,0,0,0,0,,compound genetics
No data,0,0,0,0,,feather
No data,0,0,0,0,,mendo select
No data,0,0,0,0,,club bliss
No data,0,0,0,0,,m ry jones mixed
No data,0,0,0,0,,wana quick
No data,0,0,0,0,,msiku
No data,0,0,0,0,,packs
No data,0,0,0,0,,waza
No data,0,0,0,0,,farm florist
No data,0,0,0,0,,mj naturals by softab
No data,0,0,0,0,,aurora
No data,0,0,0,0,,madge and mercer modern apothecary
No data,0,0,0,0,,wulf mods
No data,0,0,0,0,,seeker
No data,0,0,0,0,,lbs
No data,0,0,0,0,,the bc bud co
No data,0,0,0,0,,days cannabis
No data,0,0,0,0,,sugarbud
No data,0,0,0,0,,wicked
No data,0,0,0,0,,lupos canada biotechnology inc
No data,0,0,0,0,,emprise rapidrelief
No data,0,0,0,0,,nugz infused
No data,0,0,0,0,,san raf
No data,0,0,0,0,,sheesh x nugz
No data,0,0,0,0,,kingsway
No data,0,0,0,0,,no biggie just smalls
No data,0,0,0,0,,homegrow with freedom
No data,0,0,0,0,,nova
No data,0,0,0,0,,barhop
No data,0,0,0,0,,original dankster
No data,0,0,0,0,,boxcar cannabis
No data,0,0,0,0,,avana
No data,0,0,0,0,,1spliff slimz
No data,0,0,0,0,,highly dutch
No data,0,0,0,0,,sweetgrass organic cannabis
No data,0,0,0,0,,my coco canna
No data,0,0,0,0,,original stash
No data,0,0,0,0,,emprise in paradise
No data,0,0,0,0,,lamplighter infused
No data,0,0,0,0,,brindle farms
No data,0,0,0,0,,flowr
No data,0,0,0,0,,highland special
No data,0,0,0,0,,pax labs
No data,0,0,0,0,,zele lo
No data,0,0,0,0,,banter
No data,0,0,0,0,,eat your greens
No data,0,0,0,0,,puffco
No data,0,0,0,0,,real j
No data,0,0,0,0,,pearls
No data,0,0,0,0,,tweed inc
No data,0,0,0,0,,pennies
No data,0,0,0,0,,peace naturals
No data,0,0,0,0,,stigma grow
No data,0,0,0,0,,dopo
No data,0,0,0,0,,heartbeat hot sauce x bogart s kitchen
No data,0,0,0,0,,flava
No data,0,0,0,0,,voila
No data,0,0,0,0,,pressed by qwest
No data,0,0,0,0,,platinum vape
No data,0,0,0,0,,organnicraft
No data,0,0,0,0,,rope sail
No data,0,0,0,0,,ryot
No data,0,0,0,0,,wana classic
No data,0,0,0,0,,pop s cannabis co
No data,0,0,0,0,,popcorn
No data,0,0,0,0,,rc supply co
No data,0,0,0,0,,preferred harvest gold
No data,0,0,0,0,,daa brands company inc
No data,0,0,0,0,,hemp pharms
No data,0,0,0,0,,woody nelson warehouse
No data,0,0,0,0,,deelish
No data,0,0,0,0,,cannabis4good
No data,0,0,0,0,,puff puff pass
No data,0,0,0,0,,humble and fume
No data,0,0,0,0,,indiva doppio
No data,0,0,0,0,,cbd vault
No data,0,0,0,0,,redecan grind
No data,0,0,0,0,,dutch passion
No data,0,0,0,0,,purple power
No data,0,0,0,0,,edison cannabis co
No data,0,0,0,0,,qob
No data,0,0,0,0,,skullcrusher 70 s by rad
No data,0,0,0,0,,north of 28
No data,0,0,0,0,,i rie
No data,0,0,0,0,,dope mocktails
No data,0,0,0,0,,retro
No data,0,0,0,0,,j r strain
No data,0,0,0,0,,greenlife
No data,0,0,0,0,,highland grow
No data,0,0,0,0,,the florist
No data,0,0,0,0,,phresh cbd
No data,0,0,0,0,,quickstrip
No data,0,0,0,0,,collective project squeezy 100 by softab
No data,0,0,0,0,,ray s lemonade
No data,0,0,0,0,,wyld
No data,0,0,0,0,,wyld cbd
No data,0,0,0,0,,sense purpose
No data,0,0,0,0,,red eye tek
No data,0,0,0,0,,level
No data,0,0,0,0,,weed me limited batch
No data,0,0,0,0,,dewbie
No data,0,0,0,0,,piece water
No data,0,0,0,0,,420 science
No data,0,0,0,0,,vibe
No data,0,0,0,0,,ignite
No data,0,0,0,0,,nubium
No data,0,0,0,0,,choice leaf
No data,0,0,0,0,,glazed
No data,0,0,0,0,,herba farms
No data,0,0,0,0,,ghost drops
No data,0,0,0,0,,level up
No data,0,0,0,0,,weeds
No data,0,0,0,0,,medz cannabis inc
No data,0,0,0,0,,pawt shop
No data,0,0,0,0,,ste mari
No data,0,0,0,0,,ch z
No data,0,0,0,0,,sangreena
No data,0,0,0,0,,the karma cup
No data,0,0,0,0,,1spliff pure milled
No data,0,0,0,0,,silky continental
No data,0,0,0,0,,earthwolf farms
No data,0,0,0,0,,hot box
No data,0,0,0,0,,maamawi
No data,0,0,0,0,,second nature
No data,0,0,0,0,,sessions cannabis
No data,0,0,0,0,,double jointed
No data,0,0,0,0,,nugz farm
No data,0,0,0,0,,shinybud
No data,0,0,0,0,,unlicensed producer
No data,0,0,0,0,,high boyz
No data,0,0,0,0,,nectur solventless
No data,0,0,0,0,,c space
No data,0,0,0,0,,holy smokes
No data,0,0,0,0,,east coast terpz
No data,0,0,0,0,,boondocks
No data,0,0,0,0,,tinley s 27
No data,0,0,0,0,,green amber canada
No data,0,0,0,0,,fleurs de l le
No data,0,0,0,0,,fuga
No data,0,0,0,0,,sweet tooth cannfectionery co
No data,0,0,0,0,,mr vapor soar
No data,0,0,0,0,,smokiez
No data,0,0,0,0,,xd
No data,0,0,0,0,,sticky status
No data,0,0,0,0,,sticky green
No data,0,0,0,0,,hubtown
No data,0,0,0,0,,little leaf
No data,0,0,0,0,,bonfire
No data,0,0,0,0,,abx
No data,0,0,0,0,,nicalt by juicy hoots
No data,0,0,0,0,,hover
No data,0,0,0,0,,stunnerz fuzed
No data,0,0,0,0,,fleurons
No data,0,0,0,0,,chew and chill
No data,0,0,0,0,,primo
No data,0,0,0,0,,starts
No data,0,0,0,0,,toast
No data,0,0,0,0,,superbud
No data,0,0,0,0,,boutiq
No data,0,0,0,0,,klon beverages
No data,0,0,0,0,,xscape
No data,0,0,0,0,,level up signature
No data,0,0,0,0,,genuine by purplefarm
No data,0,0,0,0,,high plains
No data,0,0,0,0,,thc bio med
No data,0,0,0,0,,legend
No data,0,0,0,0,,swift
No data,0,0,0,0,,house of terpenes
No data,0,0,0,0,,emerald
No data,0,0,0,0,,the corner boys cannabis co
No data,0,0,0,0,,triple eh
No data,0,0,0,0,,choice growers
No data,0,0,0,0,,tical
No data,0,0,0,0,,legacy
No data,0,0,0,0,,growtown
No data,0,0,0,0,,1spliff infused
No data,0,0,0,0,,eclectic
No data,0,0,0,0,,tobagrown
No data,0,0,0,0,,tommy s craft cannabis
No data,0,0,0,0,,send er
No data,0,0,0,0,,artisan batch
No data,0,0,0,0,,hi hippo
No data,0,0,0,0,,tronian
No data,0,0,0,0,,riff boost
No data,0,0,0,0,,the wild florist
No data,0,0,0,0,,flyte 1000
No data,0,0,0,0,,true fire co
No data,0,0,0,0,,south point
No data,0,0,0,0,,genuine pipe co
No data,0,0,0,0,,boveda
No data,0,0,0,0,,vibes
No data,0,0,0,0,,evergreen medicinal
No data,0,0,0,0,,alt cosmetics
No data,0,0,0,0,,everie
No data,0,0,0,0,,purple hills presents
No data,0,0,0,0,,high quadz
No data,0,0,0,0,,shelter craft
No data,0,0,0,0,,waza vibe
No data,0,0,0,0,,high land
No data,0,0,0,0,,inaturally organic inc
No data,0,0,0,0,,greenherb
No data,0,0,0,0,,hycyclemax
No data,0,0,0,0,,mollo seltzers
No data,0,0,0,0,,golden spruce
No data,0,0,0,0,,papa s patron pen
No data,0,0,0,0,,simple pleasures
No data,0,0,0,0,,crg pharma
No data,0,0,0,0,,flyte
No data,0,0,0,0,,canna sag
No data,0,0,0,0,,drk supply
No data,0,0,0,0,,botany by collective project
No data,0,0,0,0,,hatrick
No data,0,0,0,0,,just seltzers lite
No data,0,0,0,0,,boaz
No data,0,0,0,0,,wulf
No data,0,0,0,0,,tilray
No data,0,0,0,0,,19paths
No data,0,0,0,0,,province brands
No data,0,0,0,0,,fortune yoy
No data,0,0,0,0,,northern canna x ministry of sativa
No data,0,0,0,0,,west coast canna
No data,0,0,0,0,,yocan official
No data,0,0,0,0,,kief cannabis
No data,0,0,0,0,,indiva life
No data,0,0,0,0,,zing
No data,0,0,0,0,,cultures chloris
No data,0,0,0,0,,minpins
